1883498637
1893065861
1895096224
1843466189
1846080092
1848635155
1850264969
1853288729
1855960019
1850851756
1796846804
1773282701
1724544207
1724492210
1723478366
1725200092
1723444854
1715358397
1706197291
1700928067
1665988613
1657642421
1627422333
1614970250
1552515812
1549072540
1546475849
1536379898
1517482995
1512992815
1504558368
1504622468
1499032415
1489222548
1480179353
1471695484
1422946949
1414524766
1384545047
1384566247
1377657589
1372448399
1370439555
1362968177
1354138762
1333923025
1332783196
1328857793
1329498289
1325259991
1325772739
1326922597
1325325273
1322524961
1312894970
1302675379
1248453021
1245192048
1244417852
1246498248
1036012257
1026356647
1022376642
989848953
944835549
946766737
910831602
915299990
909141565
829052943
830638506
814612666
811685187
804087913
795968064
792055594
788112618
780142388
767510229
751566192
750336985
745654137
743007673
690841927
679001335
668836666
647112100
636385561
635633045
633822272
631638713
582901431
531144208
520370961
477134306
476493970
468668680
443080846
429946869
419572117
313895331
312457896
301592387
264832351
254813615
168141113
158490534
126650479
123138217
111924899
100883271
93384782
50156583
40280232
14930313
7283988
10187703
7441903
7876085
11056456
9646471
6814782
8231799
11870226
7658749
11373999
11112530
22359983
11648021
10283453
12189061
11615240
8125460
9453030
8853961
7771949
7281483
6894160
14035972
12466070
16566560
12611802
12071371
9525836
7786376
6234468
8198487
6542823
9031954
9055367
9821338
9364615
8121783
8830487
6639254
6584802
10262031
6682595
6916171
10050817
6169686
9373772
8119669
5446475
10229059
10233509
7344611
16214652
19872937
19052123
10824201
5805466
9317187
6520351
10059683
9347914
7708672
8848902
6280313
7746532
8067692
7974999
7016528
10308608
8419920
10170640
8586120
5360124
5532836
7780887
11889933
7887074
9970757
13432404
10751557
16840342
9852206
8270341
10369502
14836408
11981464
16791099
7388153
10286688
9156446
8955441
7210861
5963281
8486454
10933856
5904792
7163783
7146642
8909856
7046114
5407152
8028499
8096656
5999178
6251479
7846359
6163594
6937110
7778441
5258875
7597964
8490642
7045713
7089455
4898692
10248005
8003522
6389837
6868292
7477028
7787579
7403692
6955965
8295107
9983301
8476156
7641647
8809378
8964347
10857455
7029423
9068401
6038841
10213240
16100409
10671336
10082726
9868887
6508178
7294377
9035791
8484852
7354079
5634787
13343408
15834803
11520422
8505480
8542840
7062194
8321606
7302713
8014533
7001200
6591263
8373694
8421804
7196053
6393594
7513036
11301834
8975728
8270029
7916018
8555032
7262227
6011110
5071575
5504464
6520242
6647198
6920890
7567888
9238710
6026789
5566660
6315679
7785204
7456160
6452164
6829960
4551193
4144883
7445811
4881169
5511215
7816723
7433538
5746977
5591646
6741875
5406050
6472903
6587778
7915687
6561147
7863931
7526200
7003223
5589923
6031308
6785487
4950318
6346706
6118040
8264319
8138685
8353065
5709807
6317182
5622013
6604268
6050273
5631451
8107366
4172886
7946526
12951617
5918928
5837496
7162010
6072875
8936205
7014755
5340357
4576259
7109883
4804105
5922835
7447073
9583463
4665006
6205032
6958219
6539086
7513798
5231933
9416923
8624783
5628405
6338752
9387097
12195714
11608888
9762358
6543285
7820200
8081247
6585714
5782202
7303544
10262793
9685014
6708914
5985693
4576360
6289540
7828135
4487013
8461288
8035101
12214139
11261479
6743157
8079975
5636731
6497369
6108713
9781424
16533678
10662921
9245703
10071867
12656335
12209740
7681641
8291480
8280049
6914157
6830330
6493721
4879366
5581067
8499579
4808113
6458957
6410146
5935739
7184353
8025243
12729792
8833263
6219209
4075012
3999753
6038552
5736407
4263064
7622901
7498649
9258016
6672906
5095199
6648220
6261267
5099026
5964603
5416229
6636319
5657168
9313660
8733425
4895736
3508334
7022810
5423172
3925353
5733221
5564254
5458868
4728734
6078397
7260654
6546781
5307245
14627217
6270866
8331335
4992307
4178757
6523166
8532130
7640775
6922022
5917535
5963290
5643453
5084859
5439743
7951435
6602705
4926674
5545159
6408643
6184223
6018283
5705239
5003237
4380675
8599646
6108101
7374186
5844479
6793992
6078456
8129097
4444643
3796793
4524943
6216624
6044633
7029222
5260678
5700209
5895353
6882458
6778453
4409448
6188271
5279523
6002945
6300090
7860134
9090443
5454560
8421463
7469314
7576184
5627504
7121555
15890718
7149716
5249667
5141025
5853596
5753378
11092143
5638353
6411057
6185075
6350093
7349671
6886866
4827769
6897576
5874004
11142156
7737295
6180887
5939236
5283301
5083327
7039721
5336791
5085039
4612106
7113069
6575084
5379901
6034263
5327122
5756755
5139081
6386161
6056616
5943124
7875914
4880878
4433843
6045013
5651830
6392823
6857532
8818976
5423642
6635957
5131887
6649162
5648141
4095571
4618468
4309411
5613397
4509916
5191599
5722952
5154740
5338273
6119352
5439381
5357469
5500095
5950578
6116427
6380149
3468790
3482897
4190018
5125205
7639161
6320579
4630290
4898010
3656842
3422324
3242859
5881979
4818012
3958786
5918928
8199338
4692917
6374579
4569687
6032019
7086489
8146580
4075172
5387665
5327904
5136657
6575224
6411298
5057238
5558224
6953972
6504472
4956719
7020336
6304888
5389018
5788685
5893460
6452494
5918356
5413684
6564073
5820114
6040656
7591893
5471021
4203723
5664723
5045135
5427189
5800517
5767876
5552613
7333050
4204425
5054733
9615764
6179795
9202011
15154702
11915681
7472119
10216307
7720884
6706670
5686203
5867262
5298199
13486716
6157473
5413053
5592387
4770352
3527881
5300563
5798333
4663172
5071986
4598039
7175746
7704223
7046744
4770372
7003193
9915084
7899397
6342980
4740556
3274628
3504297
4916756
7979978
6049081
8537380
5378629
4207450
4365626
5262813
5025659
5246161
6266777
7563550
4454331
4046299
5113473
4512721
8263187
10341550
4607418
5637502
4944697
4137369
5480409
5529711
5242815
8330743
3805750
5699468
4653354
4478907
4032072
7260514
6852452
6189513
9023157
5128531
4646250
8897071
5431077
7154666
5847434
3414830
4768619
6014787
6428630
9008750
4842005
5176019
4142239
5106790
6196757
6774777
8609273
6634615
6387994
6106679
6035095
6750782
5826936
5496589
7642157
7313163
10297388
5336420
5318606
4673782
6249776
8096887
5842174
4836616
5044875
5341489
4641852
6134651
5448539
5784016
4760714
4705612
5233838
5110879
4395512
5449190
4830094
5496158
8715102
4436327
5219621
6239877
6280623
6209470
5115907
5172823
5140985
5378258
7787529
5063259
6027831
5835091
5917235
4902900
5659462
4038635
4631973
5443529
7434880
4122221
5415067
5946069
7426594
3360217
2904566
4949257
5101550
4917998
3819555
3987840
5019909
8427163
4941242
4434865
5213279
5475470
5629548
6749620
10878373
8512583
3925062
3020724
4716983
4421299
4031011
7125702
4850562
4212600
3559901
5271558
4962250
4210576
5005120
5373129
8160716
5179386
5499854
4509104
4845813
4012355
4071607
4789768
6663559
4087727
4675685
4003750
4176883
4243538
4313869
4485510
4082468
4092185
4122392
5196338
5532365
3923620
5164849
4368130
3297450
3648335
3296199
3287752
5324948
3856134
5125806
4411522
5568213
4204745
5105057
3728385
3771546
4876690
3633538
3569117
2927470
3880189
4387347
3728786
4269396
5835522
5129633
5369722
4449983
3971550
4751727
4472456
4438683
3794609
3027065
2810841
3175582
3407696
3080425
3154864
5629087
8900938
3429578
6978939
6185155
4323527
5189015
5858765
7071811
4028777
6688586
9259509
5722281
7587655
4614020
5865287
4146075
4953314
3947985
5466001
5360764
5028755
6267529
4777906
6777622
6044933
5280034
3322577
4656921
5193523
4645298
8261966
4485701
4573524
5312836
5821355
7249063
3880831
5642141
8207764
8877355
5059262
5403014
5206367
3484269
7459056
5606705
6377955
5545310
5158877
4303700
4465784
5781621
3515157
3691747
5932554
5296275
4237706
4456305
5178044
3714219
4337444
4722552
5957200
6742987
4012005
2947196
2528995
4202231
5477774
5274764
3398669
3455416
2636745
3857486
4225664
4031471
7657576
6138678
4559568
4771875
5266218
4688179
4156325
3199498
5126738
4384962
4944868
5367959
4871521
5471462
4367850
4191120
6005520
5297107
3167869
5272100
4099449
4582832
5016993
5016893
4071447
4204105
6395528
3120991
4157677
3857166
4078118
4056538
3107205
4452739
8720932
3931204
5501307
11600693
4367469
5191819
4536936
4194205
3755566
4149222
6216353
10043092
5338494
2965901
4018206
3472597
3587943
4196580
4737130
4946311
5542564
5200055
4314230
5185889
3740858
3633849
4957922
5036880
3801853
5323355
4797513
4733934
6155660
4743682
4412263
6222154
5386564
3965338
5107702
5552353
4931472
2980097
6364831
6507758
6031718
3510639
4596397
4795749
3303963
3658485
3175974
2773862
2179853
2351313
3629922
2891672
3710862
3063964
3545914
3704230
2969467
3714209
5192331
7054199
5208561
3609774
4006094
4449923
3304804
3730219
6063157
3183388
3557326
4105420
3840745
4293702
3785412
4327375
3612710
4861382
4321934
3216339
3960670
3528802
3196211
5541874
4686796
4143861
4170281
3280348
4036912
4020992
3692979
4354916
5193092
3528341
5060675
4810497
3963294
4164771
4653854
4267242
5549628
7609756
4983721
6589430
5330358
8556135
5496880
4254218
5322944
4480711
4092607
4144252
4472836
4699119
4961259
5341529
5060534
3873066
3660278
4307678
5338253
5477683
6027070
5225833
6496808
7178500
4539661
5983298
4384511
5141014
3836518
5214371
4241654
4126919
5578833
3924703
4171434
4172254
3765224
3374694
2856897
3124707
2995707
5750242
3246445
4443822
3536216
3692077
2729880
2927599
3099069
2845185
3210588
4219864
5630669
2875662
2627920
2480865
4992798
3840144
4599774
3876553
3327376
5385682
4411182
4595616
5076114
4655017
4234491
3557075
3246314
4774270
7041144
6077263
5304450
3197223
3346673
2859883
3680366
3174891
4188535
6169646
2990497
3277272
3995935
3899034
4150063
4107614
6477702
8125480
4317686
6127828
3299394
3020103
3268687
2839174
3114478
5420046
6490636
3111193
4927416
3973634
4980735
4217479
3753892
4824523
2906630
2686349
3007850
3250342
3992598
4319419
3630503
3411403
2855014
3750436
3489729
3618239
3531047
5587789
4582641
5509824
4305383
5881177
4095441
3844492
4772777
4842076
4838990
4406983
4042241
5632804
5248756
4714027
5708184
3865682
4410970
3672972
4435036
4290445
4012928
3702928
4425016
3826829
4576881
3390244
4743141
4127731
3803866
4451436
3829604
3653526
6732117
8619552
4475501
4324720
4376787
3905606
4584826
4280346
5161062
3675507
5056316
3571011
3698199
3511911
4951781
2868699
2660630
3405883
2537360
3286610
2836559
3569289
2777038
2437594
4431398
3368323
3429777
3668994
3814886
3450235
3775944
3480603
3684604
4009370
3470163
4020182
3519756
3151298
3917248
3377730
3502854
3745707
3806642
6875194
4250962
4959335
3930553
5134513
4495398
2778341
3758371
4055336
3450746
3179961
3145085
4469891
3845364
3693059
3770775
6040815
3724608
3571662
5751385
4265930
6460520
3343326
5296665
2583827
3590337
3265471
2499229
2548923
4336241
3521439
3639189
3440427
3573235
3902780
3653354
5230171
3695133
5415797
4920372
3918010
3470113
4539431
3849101
4162636
4641442
4792263
3858779
5352179
3547237
2949290
4826898
5378007
4824423
3048425
5422020
4659314
3678151
4715760
5941179
4890677
5112672
3814506
3338517
5332142
3430198
7597364
3690255
3675917
2713399
3970377
3714950
3643558
4216638
4091524
3467208
4467076
3481154
3840063
5205654
2836679
3058404
3653495
2531299
2932419
3013199
3053985
3010995
2193087
2771067
2791946
3733685
2715834
2642937
2890159
3346291
2627850
3177396
2375788
2207073
2208987
2269791
2338218
2929123
2686930
3084894
4434384
2470035
2544934
2707348
3575339
2819888
3338105
4133222
4220925
5403244
2617169
4611034
3038798
2345953
2654189
3339400
2374757
3064876
3378973
3785862
3625413
3610575
3942335
3641032
4578774
4904623
3734597
4814344
4234121
3566493
3419979
4671177
2923973
4005683
4722132
5260887
4030941
4434014
3803465
4201458
4562514
4359364
3365938
4068049
3842569
4575618
4309000
3281581
3929711
2942508
4387878
4446186
4601457
3329140
2340733
3743012
4084361
3555432
4477665
4429645
3728946
3060488
4482073
3512762
4153139
3968884
5403745
4035169
5171562
3801493
3866053
4630551
3087077
4559248
3779651
4998819
3504286
3384634
3507443
5223889
4031632
3715972
3644389
3984304
3897041
4443361
3684794
4313930
3523002
3581421
3660669
3158100
3449555
4600565
3219725
3104260
2806182
3966229
3519455
3343817
2646375
2692210
9095732
8201492
3495481
3344909
2891471
2797006
3540073
5059192
3040510
3170182
3468901
2813096
4385123
3246084
3602410
4794547
2889588
2038047
2277966
2517834
3138874
2331375
3251163
1897815
2388602
2421805
2955762
2877386
2189130
2596000
2408470
2558630
3342304
4030229
5160121
5766593
3590538
3085444
3126761
3876361
3587352
3334950
2839023
3704700
3445627
3877824
4575629
6521163
4930402
3325483
3604885
2326416
2493489
3708609
3387018
3636363
3490491
3488437
3959196
4056609
3962433
4033526
4645138
3069445
3759323
3394171
5208431
4203773
3572374
4634659
3874278
9193215
6099105
3384212
3567705
2847950
5650185
3423175
3381157
3512712
3310404
3726953
3541386
3226478
4479599
3500159
3794198
3340210
3102476
3985676
3538049
3207843
3900788
5641260
3488287
3510118
5213399
3778339
3620895
3485472
4376927
3753472
9676328
3959838
3628929
4141908
3773940
3462699
3551626
3062462
4429816
5562662
3851916
2840867
5222527
6877469
3191883
2291350
3406234
4630080
3121071
3385795
2959018
3370126
3898333
5003828
3785372
3791262
4840363
3746850
3104951
3079764
2948338
2727115
4381445
2689605
3076407
3117373
3404370
2407818
3245704
3324440
3002200
3503565
3520057
2824426
3068903
2681419
2882706
3530155
3392709
2877455
3116873
3461286
3266262
3160074
2951474
3356380
2725953
5819022
7009155
3359726
3582824
2078222
3576562
3310474
2832551
2682762
3531638
2793138
2496534
2341074
3213023
2340061
3726993
2791034
2549312
2396036
2046393
2572055
2278487
2915767
3630092
3836397
3593473
4354896
3022867
4140505
4491251
2949219
3346331
4652532
2535066
3270269
2943519
3044578
2995577
2902783
2772429
3609484
2757582
2906019
2786546
3034399
2856086
3409419
4152177
3260651
2365048
2398281
2222302
4025551
2911219
2505792
2786125
3268636
4525185
4025099
5499665
4841656
2995827
4550251
3638478
3317168
3335322
2483871
3903522
3199297
3233982
3154965
3113456
2870452
3000496
3554371
3283875
5156223
5214312
3400603
3529645
2921077
2943939
3880951
2705624
2784683
3546986
3611247
4812622
2770726
2820419
3064475
2942468
3466997
2520859
2581352
3405142
2666261
3003131
2611890
2431854
2977523
2807355
3706364
3189148
2822494
4198744
3034729
2779894
2517223
4866091
5864886
4112552
2806744
3108768
2812995
9249821
4021203
2736672
2612772
3485612
2731673
4030369
4869687
2376460
2217473
3370307
2877646
4107844
2352936
3351952
2450448
3099651
3197794
2384414
3152850
2014934
2762330
2181936
2032848
3430098
2262608
2902432
2766769
2740219
2372873
2613893
2669777
3180181
3529343
2787598
2478871
2385457
3320424
3741650
4417803
4148891
3680817
3778229
3311406
4280507
2316688
3557095
3275198
3981929
5200957
3453232
3378953
3588584
4705931
4441187
4096763
2930855
2675479
4409538
3939509
3022407
2361031
3551936
3062221
3078100
3994753
4284053
2364948
3063403
2960771
4366608
3058293
3317468
3541406
3181393
3681348
2905057
3714781
3299043
3695084
4272813
5294251
2739427
3018189
3539623
2661172
3624060
5085029
3570551
2623161
2509959
3704701
2468983
2691108
4138713
3256023
3823103
3662672
4951611
5899692
3987610
3819666
3434666
3857466
3355439
2772790
3182986
3027576
5215094
4502431
3646923
3211700
2461418
4414197
3712937
2959219
3170433
3730659
3322057
2900388
3093159
4413776
2910277
3520366
2638249
3285087
4536084
4505157
2669126
4583783
2592153
2775075
3982901
3627897
3536937
5247825
7002422
6193791
3577283
3944039
3052162
3618741
3298051
4068551
3395815
2811051
3900478
4250741
3917980
3020664
2387410
2754576
2027939
2130921
3092007
4478908
2832091
3038767
4169810
2898395
3264389
2203978
3187866
2617711
2793118
3047483
2589437
2817434
2487989
2396678
2430190
2081529
1955543
2177228
3275469
2326696
2331886
2391929
3473870
4308529
2374886
3051891
2688653
3082579
2554041
2243291
2151490
1820481
2982753
2433797
3155235
3765223
2713769
3085124
2617350
2520789
2095736
2263068
2930214
2431843
5072997
2353858
2939561
2851247
2362343
2958837
2678124
2978654
2784492
3915085
2423889
3922959
2930094
3173879
2976882
2934221
3569739
3139896
2608994
3208564
2400965
2174723
2086608
2070979
2084975
2071992
3040841
2741251
2789452
3671048
3145316
3047273
3356691
2453263
3457680
3308421
3172126
4576309
3184629
3193706
3087728
3025172
2666783
2569440
3625182
3738324
2791314
2836489
3027235
4794758
6249856
3882674
3831067
3464963
4693799
5744552
3331664
3987069
2943449
2963667
2849553
2685517
2605547
2552709
2924523
2895509
2822813
3662032
2377772
2968796
3422003
3457760
3203755
3116231
2737504
2730692
2990046
3282422
3238170
3021135
2671211
3755315
4956359
3031974
3281411
2246166
2349489
3441900
2606650
2696939
3164992
2939571
3165804
2616157
4037673
4816117
5845982
2992681
3523202
3484299
2512073
2876083
2702990
3307189
4544040
2894176
2883147
2397949
3424357
3733014
6087042
2969167
3367561
4252434
4319169
3263527
3718136
3837930
4357491
3005234
3260331
3314562
3747852
3717826
3116182
2819337
4471203
2992650
2385436
2602492
1962326
1788992
1590331
1600831
2210820
1896844
2524967
1902043
2470796
4562383
3075596
2925826
3230766
3160094
3387909
2222242
2096095
2201283
2071160
2040733
3147951
2128937
2337557
3365627
3088841
2171948
2113188
2323120
2716976
1963378
1671182
2248992
1863351
2300788
1880883
2453503
3435068
2603544
1923052
1989357
1946948
1793661
1911662
3259860
4178406
1949692
2535136
2261024
2473581
2648578
3262395
3078542
2253790
2884479
2685157
2647446
2253620
2530437
2347816
2523124
2079415
1843083
3944769
2285119
2702509
4143571
3416603
2991499
3558618
3491824
3230345
2874120
3229343
2831479
3241837
2849193
3359777
3182455
3022446
4395151
3103538
2837461
2732715
2832241
2820860
3165864
3459674
3177636
3499528
3257175
2686118
2716986
2638058
3205308
2615106
3510468
2934532
3185682
2646274
3124407
2590449
2348928
2283296
2453603
3558348
2673966
2326847
3472919
3043135
4092655
2445699
4018387
3149223
2893265
3797164
2601590
3290528
3253148
2317701
2196604
2440810
2413248
2335464
2083483
2322629
1883700
3454724
4646721
2475414
2323772
2168000
2228503
2025414
3141289
3940212
3343787
3465474
3283505
2450899
2416234
3208224
2447142
4596307
3186643
3683993
2367213
2304385
2434789
2790985
2386429
2672482
2570973
2667032
2621036
2927699
3114619
2850105
2984385
2932548
2935224
2222533
2457441
2262376
2343268
1707059
1743017
2074224
1932270
2234394
2562607
2189580
1838113
1616780
2509478
2004745
2508256
3236697
4487003
2398812
2132514
2044460
2740410
2359899
2381549
2247429
2986680
2660561
3542799
2522363
2425692
2171066
3303040
4211217
2210640
2950823
3127894
2208957
2473902
2802506
2198006
3416944
2767590
2609284
2518956
3771246
3103448
2269300
3032225
2061742
2127505
3544231
2556697
2570291
1896864
1957076
1778773
1943741
1554374
1882036
2030093
3743744
4674703
2485453
3216840
1882998
1635956
3352443
2238592
3418637
2279929
2307250
4158198
3193796
3856805
2570122
3061490
2696087
3921937
3110181
3231648
4486522
3227419
3702648
3004643
2445810
3227429
3771857
3905185
3058224
2759826
2964889
2912261
2891712
2459956
2460587
3064645
2933500
2693042
2852219
3021936
2719140
3702778
3158210
2208166
3038036
3003191
4091293
3416904
3057412
2919945
3049157
2873408
2814759
2431983
4091735
3995565
5395630
6926129
3268246
4085372
4661830
2547419
4750946
3258167
4089640
3770032
4074442
2537160
3916366
2399804
2982582
3381798
3032275
3103829
2556075
2874189
3848540
3107406
2895560
2759886
2327298
2154154
2096416
2324693
3664316
4820646
3584947
2314114
2406155
2753234
2275372
1946256
2399263
1796486
3243180
2540737
2215569
2152872
2088441
1905921
1911842
1711808
1858723
2012700
2081810
3550302
2118438
2305277
2632378
2953578
2227823
3498025
2761329
2806243
4597639
5077205
2862287
3160034
3289966
4720960
3520196
4208212
4997005
3237628
3145386
3250402
3656531
3638327
2982141
4426489
5758408
3374394
3508364
3315695
4240753
2847831
3484199
2716515
4378470
5672187
2625875
3736932
2914655
4438171
3579067
3904123
3014231
2980298
3756007
2679336
3269047
3771667
3904203
3660829
3007960
2689445
4148770
2991599
2547139
2138715
3357602
2342627
3223913
3149995
2582074
3960570
4659485
2612360
4004592
4344827
3928119
3983923
3293763
4115188
3125088
2448395
3291269
3636715
3368322
4474990
5267070
4282061
3197885
3671118
3066198
3227810
3619141
3436290
2962735
2876033
2180804
2443835
2715724
2600528
6878301
2097789
2344841
2107166
2700265
2048317
2033128
1908656
1972685
1973376
2723238
1847411
2618642
1896574
2301169
2347536
3201221
2834666
2943058
4028897
2685326
3160464
2594036
2715934
2651033
1835109
2278536
3098068
3127132
3133003
2638770
2670519
3611957
2509017
1989387
2623241
2526640
4439875
4988720
4057721
3740378
3893744
2888457
2751941
6447956
4001335
1990578
2272635
3319321
3488126
2907532
2510089
3515037
3768771
4704078
2966963
3915415
6221313
3469582
3701124
2980278
3392318
3294425
5384349
3958315
2513657
2837110
2782037
3323869
2475806
2747463
2456028
3212962
2730952
2689204
4354285
3053154
3534834
3160494
4566110
2428617
3034128
3215106
3255913
2984445
3142540
3938267
4795259
3760014
4119736
3296388
3368223
4165041
3360268
3099010
2858831
2916097
2889769
2763994
4094299
3029620
3881301
3602881
2913153
3518312
3420430
3090524
3289285
2349930
4153029
3619403
2585850
2818756
2714892
3789880
2819207
3176394
3119709
2972704
3547298
2542349
3529474
2658787
2743385
2970880
3082118
2828264
4849290
3450727
3035762
2513496
3306988
2622069
2548872
2589949
3162859
3583966
3076347
2958948
2742955
2566134
2984887
2998081
3866924
3269568
2443254
3014452
2253440
2738727
2935945
2938830
2723388
2056542
3001808
2573758
2683303
3765144
3525185
3142801
3647053
3997869
4639147
3254620
7234005
4728334
4329018
2685477
3065437
3953707
3152980
2901250
2008292
2437634
3112675
1777401
2864311
2778431
2936105
2406566
2068193
4455103
5262381
2832762
1833215
4048594
5244227
2041945
2865032
3205118
2267085
4923719
3358956
3053955
3269529
2979486
3071789
3828662
4033556
4200197
2630373
2199219
4060516
4321513
2707357
4539430
5642141
3615795
3150466
3291008
2809840
3167367
2275972
2098420
3084923
2511192
3176644
3261292
5798683
2362935
3174090
4450834
4063201
3720541
3463741
5741025
3355218
3024881
4821758
4097014
3090383
5016331
5036510
2777910
4421130
2860595
3522511
8667683
6416547
5461152
2477358
4100520
3356791
3540915
3756698
4741088
2917340
3468990
2917160
2813587
2925566
3222370
3868707
3014041
3034550
4695823
4554610
1850567
2035773
4426218
2198127
2581222
4870288
6504121
2927118
4257574
4799717
3604514
4039647
3957233
3708859
3456026
2567346
2921427
2270742
3910886
2632719
2379645
6051776
2917881
4625952
4325321
6599369
2522663
2344440
7300228
6896664
2967634
2056241
5478736
2688202
2012210
1821633
3791674
3673263
3616757
2364507
1855267
1852511
4255459
3089832
2983133
3338737
3408919
4484458
4112133
3316136
4326583
3501261
3418827
3435839
3140848
4126199
2978835
3716823
3798345
3393119
2902873
3035831
3823684
3267274
2355521
3517492
2847760
3325242
3041161
2739178
2748385
4093298
3192554
2939822
3693250
5227887
3380846
3132813
2981009
4261842
5941710
3688812
2872567
2914575
2414581
2853110
3616616
3061680
2910717
3767448
2758533
2898304
3619271
3222139
3409540
3529033
3698009
4125688
2123938
4208423
3487685
4100500
2825238
3595076
2648238
3004112
2832782
2831139
2618401
2407357
3145086
2517804
2427856
2394584
2416185
2318702
3336454
4320983
3929621
3611597
3680997
3085835
2529105
3829865
3236277
1971093
2775104
3577002
2250735
3587733
3603351
3391115
3285568
2305527
2406786
4004762
3572775
2245334
3186964
2738767
2473451
2629122
3984444
2323471
2758113
3613842
3089212
3189128
2600688
3194187
2054167
2804580
2414602
4524101
5559166
4020682
3475262
3590277
4073740
3301016
3731441
3388981
3288053
3070907
3043977
2586672
1716507
2198467
2548211
2823875
3800520
3024831
2326977
2272125
2932518
3063483
2927359
3014010
2513716
4197182
4244309
3563528
2868990
3011636
3284566
2563499
2756169
2630534
2485072
2638790
3714149
3965919
3629801
3306678
3732703
2739037
3254610
3391967
3747431
2551056
3568797
3599656
2705685
2152381
3236566
3031223
3547167
3162818
3304073
3216810
4973131
2409061
3800991
2566034
2920026
3805249
3085054
3679233
2792708
2991028
3670206
3090354
2438917
2107337
2939882
2930945
1968628
1722989
2846047
2529296
2395224
1946547
2053005
2174001
2969688
2499039
2392109
2665409
2142232
1921079
2878778
3508054
2271093
2004004
1495994
1832724
1639823
1515231
1534917
1360442
1755190
2247840
2033068
2936166
3054216
2295790
2229305
1696098
1599578
2912641
2152672
3005414
4219744
2404262
2556216
3241405
2552829
2436462
2455166
3164833
2859712
2333419
3218754
2943328
3094040
3696155
2369757
2477789
3374224
3392829
2394143
2894107
4074041
3103679
2621707
2457972
2346073
2506042
2839515
2318321
2382461
2684325
2357725
3295727
2707819
3165854
1990238
2426353
3260241
2892093
2055360
2891782
2591091
3065968
3189889
1899388
1943100
1652338
3155415
2808957
2599657
2388412
4497313
3434226
2783450
2588446
3795461
3800360
3809788
5252572
2568498
3150035
4296286
3787546
5184376
4018187
2829035
3874117
2969979
3508575
7829587
6746353
4514664
3241817
3792466
2931246
4073521
2415824
3245503
4296056
1969770
2814508
2516852
2600488
3224143
2182708
2429068
2586783
2524997
3389342
2271615
1960242
1871957
1799381
1580342
1747805
1755069
2366241
1894379
1513637
1485756
2240566
1569683
1516093
2038499
1466850
1517535
2710744
1754858
2987541
1974419
2373163
1876997
2140159
3315213
2972002
1840368
3597551
4579866
5594381
3252596
2653587
2103670
2674095
4042592
2758794
2510590
2620516
2614354
2108219
2781707
2617139
2563109
3130007
2189360
2519507
2449987
2038318
2627007
2397529
2225257
2457181
2341424
3572153
2574821
2436482
3467087
5026370
3793888
3242607
2139457
2464224
2288284
2946084
2628350
3012238
3013410
2585930
2986650
2414681
2699533
2441441
2318121
2549904
3479841
4594263
3727574
3394321
2796034
3061690
3947945
4963683
2903124
2347135
2728958
2003322
3491353
3107896
2785684
2531850
2743916
3670227
2212734
2055390
2006429
3315565
2726494
2520138
2487337
2751551
3221929
2980859
3823643
2856477
3794869
2926106
2796354
3265952
3558769
3415081
3055669
3164080
2904957
2839785
2769654
3098439
3113717
2532612
2487127
2845836
2047345
2457321
1939965
3075837
4262995
2282374
1788171
3599204
2152472
2289939
2814498
1922161
2510621
2281071
2074125
2418458
1986671
2277395
2116434
2725361
2077440
2654519
2560634
1593848
1424562
2051011
1963698
1951846
1793942
2518224
1645103
1546820
1596272
2409712
1696410
1887927
1683876
1632671
2772660
1765278
1894670
2129258
1666303
1994315
2612431
1938072
1564092
2092609
1858562
1978246
2677121
2570032
1808619
2441201
2533953
1616149
1554364
1590411
2555965
1550566
1306571
1378235
1362766
2000167
1690919
1668567
1687873
2438276
1469746
1852471
1513778
1260565
1262098
1719502
1548863
1440351
1629565
2326737
2400986
2624473
2822042
2445689
2603133
2157630
2791415
2343969
2611860
3257296
2301209
2362174
3646733
3528662
2507043
2478461
3921977
2684175
2198918
3071308
3041462
2767820
3343025
2575452
2445048
2282034
2266224
2691228
2484782
2398802
3787216
2989926
3268476
2641945
3068853
2573628
2747573
4071807
2247590
2412388
2740500
2030663
1802537
2093732
1906773
2145008
2428778
2636756
2218996
2424459
1763454
1830069
1844986
2328079
1870776
1992984
2061812
1783081
1802357
2637037
2519948
1858221
1961154
2150016
2940874
2424951
2203817
1894038
2307481
2007090
1823757
2071080
1877707
2041283
1930356
2831299
1903887
2143935
2534756
1862149
1681651
1913795
2454406
2147723
2040152
3083361
3010695
2936066
2123968
1943742
2199480
1802507
1673326
2192767
2353767
1674408
2704132
1626258
2094834
2802917
3636072
2263429
2080547
1904648
2888887
7450660
4659325
5272840
2546297
3031223
2170615
2589598
2016818
3250232
1798260
2131072
2432334
2733387
2300448
2672282
3299033
2273157
2708089
2264941
2648367
2775395
2384776
2247238
3256905
2641565
2876153
2645743
2983684
2481306
2997100
2734579
2823845
2635814
2705865
2540286
3475794
3428936
1813017
2817744
2135199
1787971
1725293
3360869
2818336
2365640
3304453
2383744
2706547
2312480
2624153
2498678
3009733
2612831
2576574
2148414
2570372
2272757
2308152
2559461
3486012
3187625
3490882
3128435
2849324
2821962
3774071
2683834
2991749
3232749
2962254
3140197
2645763
2590710
2604276
2418950
2467680
2010766
2727716
2327749
2172559
2229084
2082881
2521592
2157411
2234825
2005116
2126693
1877106
1824708
2030513
1726175
2050130
2102287
1745140
2465275
2334742
2216882
1863451
2721424
2149005
1691630
2766538
1917613
1893708
2150207
3167287
4591428
3114488
1802387
2227172
2259210
2450658
2315977
2121654
1764226
2402909
1677754
1888468
1461802
3013389
1643100
2923972
3546055
2313181
2443705
1805553
2554502
2010977
1703032
2624684
1896152
2136792
1543985
2193698
1513047
1581605
1395798
1855396
1686931
1457132
1785065
2687771
1537482
1473223
3136069
4450825
2206653
2337066
2955611
2069456
2036675
2392279
2711366
3844182
2957705
3383281
2414039
2717798
2353466
2385677
10750344
2031335
3190751
4439714
2485735
2736202
2372603
2504398
2481396
2440900
3720801
2029612
1914186
2064466
2047796
2060760
2111104
2794211
2603914
2466749
2192817
2440180
2470676
2447552
3827400
2955011
2570372
2367423
3301728
2523194
4235132
4007257
4389180
1764146
3553930
2711956
2727876
2372412
11441595
2663146
1813248
2141460
2204428
2375828
2269781
2211080
3419468
2260944
2133115
2223945
2715623
2126173
2158803
2134477
2701046
2234935
2794351
2865693
2480985
2977082
3437162
2624233
4016023
2562738
2795362
2389004
2323861
3806030
2133887
2456539
2188148
2083443
1852801
1774916
1779395
2337737
2937879
1712179
1865786
2451289
2297762
3615915
2059097
1735973
2428868
2078292
2244563
2668656
1874462
1831201
1841440
1639302
1498489
1554414
1620287
1287396
2308313
2430461
1768334
3058043
2075388
1536361
2307972
2656914
2129809
2261024
1844556
1561167
2175805
2033950
1770618
3383972
3019961
1633071
2261284
2021216
2667674
2509529
1865134
2401706
2008382
2155527
2059137
2034510
1836892
1512947
1641026
1883409
1832403
2156710
1932370
1814770
1943962
2073915
2820590
2420232
2505139
2552559
3585168
4957572
2379696
3589537
4526928
3355028
2432815
2738827
3645701
2542610
2932168
3068202
2128386
2353177
2506323
2523154
2417717
2723598
2419811
2420652
2816972
2107898
2567477
2340412
3495901
2612241
3745226
2557529
3496712
2264841
2990647
2281592
2435220
2300608
3226968
3340752
3107816
2785885
3009923
2664988
2921808
4214373
2507525
3190080
2226179
2246978
2326436
2476788
2866435
2641495
2264340
2472299
2622429
3100673
3066859
3111803
3929871
2123638
2518205
2755157
1859644
2137112
2223244
2075157
2352134
2181615
1932951
1784023
2051723
2117596
2677833
2136301
2096437
2192966
1960683
2795042
2786146
2084985
2420822
2057864
2222051
2576975
2318753
2263479
2192165
2911059
3803225
5133320
2232390
2510710
1806985
1758895
1372034
2971210
2721744
2024553
2421935
1936518
1862550
1893537
1864954
1697220
2107978
1350664
2246557
1892776
1724131
1628322
1428308
2008913
1440471
1636187
1555796
1623213
1671954
1945124
1934575
2721404
1484384
1919947
2165225
2022779
2603715
1618714
1754578
2339861
1663037
1545697
1826111
1683315
2062784
2138385
2453043
1868861
2213035
3627888
2663726
2334652
2242189
3402146
2765006
2516381
2085837
2659809
2242630
2081670
2050330
3091946
2548641
3078151
1899870
1760238
2961132
2570683
2553480
1967866
2482508
2198337
1831461
1850437
1950094
2094924
2112266
2633510
2081940
2159555
3169371
3068683
3240233
2328039
1393022
2771647
3268106
2460256
2142974
2439267
3182977
2866806
2648298
2197176
3379363
3239643
3340591
2682872
2351684
2384033
2303394
2417627
2392580
2891312
1813979
1929255
2253601
2075016
3268456
2528263
1942018
3246876
3423165
2253791
2207655
2444246
2736262
2784552
4017285
2110432
3042294
2877306
2586643
3464663
4504816
2156729
3193747
2438476
2397639
2139657
2578707
2225177
1966955
2559261
2080307
2155817
2233153
2012670
2070057
1739159
2017940
1757463
2599526
2041485
2971452
1928823
1786127
1971594
2896201
3731632
2180734
2099812
1871115
1495364
1478423
1804741
1776870
1704654
1838845
2402499
1746133
1697721
1622892
1767161
2188449
1467551
1639493
2271534
1709183
2026747
1481397
1469815
1740181
1502086
2190412
2225347
1593748
1327600
1731485
1612463
1456411
1947478
1511114
1463414
1961274
1400516
1896202
1715575
1553653
1456582
2307130
1523947
2390516
1642840
2154164
2893716
2301730
2758663
1700056
3620503
2308273
3760325
2786055
2741020
2518475
2694955
2860324
2761910
2322229
2473471
3479380
2478741
3617719
2725943
2413739
2433406
2027248
2925325
1927420
1830420
2732304
2110683
2024082
2095445
1739670
2128347
2527402
3499768
2397870
2285079
2939261
2675158
2083342
2008953
1986742
2810461
1660332
2569731
3446289
2278096
2323571
2124800
2635794
2393091
5360084
2469894
2805292
2276833
2272416
1873620
2590850
3110040
3265290
2371099
2284818
4002978
2457521
2196383
3151347
3103117
2658677
3257826
3450476
2296110
2635783
2181145
6011271
1629665
2341084
1743467
1935466
1698053
1687794
1751643
1549886
2142002
1609447
1909878
2313743
1704936
1912402
1979048
1727577
1699986
1607603
1494512
2393100
1686962
1505623
2474683
1798810
2031055
1538665
1346466
2695395
2609004
2060880
1788531
2327709
1714502
1486897
1474143
2666011
2700354
3842780
2319063
1970130
1830359
2813997
2286271
2725582
2978224
2500452
2489982
2250925
2704773
2404051
2411124
1934885
3256715
4024699
2260974
2836960
2054609
2243741
2240736
2261655
2642827
2225699
2126834
2794210
1978446
2134487
2745740
3624612
2165786
2869682
3958115
2209077
2332918
2661241
2234034
2209768
2372763
2665720
2600989
3419829
2268849
1950133
1757824
2674867
1878670
1613284
1954501
2718248
3183207
2663246
2426713
3310093
2360900
3174590
2998161
2726213
2140118
2330083
2717777
2336726
2600678
2752352
3301859
2690636
3575059
2445548
4003109
2707138
2832603
3160093
2352815
1969499
1896042
2335994
2508927
2419882
2603814
3508404
1722668
1928974
2640683
2305528
1740070
2554722
2364348
2018571
3003200
2070027
1674007
2004465
1798921
1630115
1604027
3017187
1678867
2323470
1851900
1448516
1494312
2192155
1682323
1660572
2427655
2351343
3122413
3074163
3746760
1308664
2888636
2748535
2551738
2632638
3012558
2729920
7999735
2319463
2373916
1928403
2668385
3651202
2329472
2653237
2180343
2033770
2144015
2128577
2599196
2246767
2154835
2417467
2005517
2353667
2067934
2594317
2024913
2984275
3867916
3096265
2474944
2301019
2184321
2557789
2388733
2098219
2685036
2584177
2168672
3062000
3134666
2766448
2839725
2792718
2818686
3284025
2760428
2286562
2528734
2134658
2546227
2131121
2653497
3752039
2457501
2063364
2279338
2190031
2540145
2273898
3380996
2165765
2286281
2535086
2116765
1969730
2334973
2091467
1763795
2967153
2151419
1600249
3017327
2500561
2280029
1896643
3075296
3066959
2361672
3087809
4019870
4701554
2211701
1953550
2524656
2014123
2821161
1935065
2270452
1859864
2021477
2835899
3769112
2763443
1426135
1318383
1362155
1479254
1456942
1781629
1906371
1764266
1525399
1500213
1259423
1359179
1259513
2809248
3703890
2515480
1736995
1611330
1419833
1395507
3333197
1789242
1788461
2064987
1969499
1873090
2509218
1432637
1375881
2078333
3252898
2452442
2434248
2288396
2946084
2482478
2012079
3340511
2239043
3311947
2898385
2136131
2215399
2344230
2217092
2015285
2128366
3090644
1951526
1809370
2558300
2395435
2009284
2203296
2472068
2201443
2977373
2006097
1960383
1970651
1916761
1793050
2203827
2719931
3662522
2803528
2086447
3058925
2176836
3396425
2313822
1982673
2409792
2534155
2402388
2410012
1887606
2168251
2748184
2201152
1916930
2256326
2147622
1877848
1746342
2685247
1482940
1634553
1589740
1630626
1667937
1887386
2649310
2069125
1836381
1833385
1739981
1879281
2695475
2224034
2980168
2056031
1758525
2239644
2045782
2104532
1913064
1997201
2840597
2134468
1939423
1804301
1927241
2260363
2224816
2253740
2167991
2587193
2068294
2008483
2227722
2203607
2234695
1909738
1950324
2099222
1846169
2404683
1994977
2157190
2151340
3590659
2074045
2262537
1662265
1702761
2163262
1368156
1417318
1716697
1538534
1371993
1798260
1481287
1878038
1463564
1420153
1661664
1243193
1281234
1383094
1506274
1294539
1240057
1931708
1404564
1432737
1224187
1467631
1281004
1120693
1368076
1379577
1461780
1490044
1438638
1480315
1916691
1560104
1461570
1312752
1229327
1347327
1533726
1430333
1504651
1430192
1504080
1344712
1161400
1228906
1769876
1252230
1503178
1273659
1301872
1455749
1662486
1579300
1607083
1759316
1781859
2489772
1526231
1482680
1525339
1560435
1449758
1514739
1827194
2184751
1540679
1611069
1514339
1571035
1732176
1827044
1507226
2317751
2180624
1461982
1523837
2481697
2272225
2128226
1678586
1661424
1488170
1438388
1914958
1506875
1531621
1470968
1670241
1578518
1447394
1381651
1415254
1389435
1319585
1617392
1766320
1352527
1714022
1571345
2143935
1872388
2702639
2503197
2176947
1643580
1807777
1950023
2963295
2007140
2362183
3202112
2202164
1719412
1782490
3371970
2003333
2355250
1790725
3002630
2516772
1817215
1893297
2331015
2471136
2129108
3361420
4363071
1806686
2926788
3514796
2483590
2389955
2068945
2519427
1786187
2674106
1972896
1920368
1505092
1889099
2300267
2569992
1910960
2710454
1956375
1763835
1649983
1725975
2013702
2486946
1670591
1530339
1405926
1570214
2285860
1457152
1598035
2028690
1472632
1500172
2079174
1503178
1673155
1660011
1661213
1908206
2156158
2189300
1434820
1918875
1690538
1719702
2026826
1778623
1820851
1541359
1350192
1603255
1284760
1830610
1270754
1750420
1322982
2596050
2959088
2253761
2155747
1480035
2355150
1496205
1347367
1788952
1371593
1463744
6307484
2881895
1695257
1670060
1646006
2343188
3033127
1401989
1484263
1420384
1297554
1521341
1762974
1841351
1365461
1567889
1261507
1355572
2120591
2941275
1238304
1415605
1252199
1346215
1436163
1583047
1285652
2189140
2872236
2589237
2438786
1676432
1633942
1833847
1922482
1670160
1640705
1971753
1752884
1675991
1741884
1614275
2505841
2545916
2149325
2111385
4052771
2884097
3050479
2693202
2410444
2214788
2723588
2547910
3059045
4402615
2725602
2668105
2622990
2673214
3338527
2401917
2575301
2650561
2610667
2279819
2451820
7025826
2127104
2144827
2368224
3005324
2276634
2325144
2283826
2266164
2466638
2407207
2682942
2084965
2017479
2290920
2268949
3024881
2545606
1756783
2968326
2089544
2312220
2082520
2567697
1735092
2100855
2802296
1974559
1549174
1598557
2262397
1773253
2649420
1468904
1413090
1345614
1504120
2482988
1868962
1970441
1550847
2107327
1685569
1828787
2135109
1459837
1618053
1357957
1404655
1549905
1368206
1940325
1691861
1407339
1913746
1366372
1305288
1427838
1503970
1443156
1442895
1655302
1319575
2221129
1364650
1534386
1688404
1884711
1599048
1995067
1494372
1832604
1459577
1650554
3252316
2473561
1827615
1884230
2198908
1943480
2613362
1850717
1575203
1481929
1565975
1504952
2131532
1775838
1888628
1790335
2143584
1261747
1525550
1516884
1458104
1374147
1471990
1535288
1322099
1375580
3362491
2805762
2171918
1359670
2405294
3827801
3139796
1873170
2210250
2777238
2986600
2947466
2036695
2363366
2113478
2136812
2189170
2428868
2240906
2575712
2903495
3002790
3061831
2338849
2019133
2895760
2277074
2545525
2786526
3878586
2481666
2253530
2693592
2176706
2874680
2195481
2125581
2205601
2952035
2612110
2526720
2924434
2445699
2281282
1981191
2097289
2004665
2201442
2036484
2195693
1591484
1743037
1526812
1801296
1948862
1954100
2257457
1664480
1610850
2359508
1692922
2803267
1739991
2421434
1752565
1680679
2337828
3306938
1999997
1812526
3822131
2367974
2573177
2381319
2976611
2003202
1863572
1913755
1724722
1930667
2077542
2354810
1661584
1583138
1998413
1738257
2716155
2300718
1891695
1782189
2607972
2352896
2206813
2523404
1874392
1951976
2199700
2358646
2024983
1666584
3163350
4124045
1504471
2444777
1615909
1828937
1930667
1659099
1551709
2585159
3496542
1737116
1785685
1566787
2550986
1664931
1695107
3700453
1684416
2162390
3155275
1792318
2158754
1664850
1789793
1794943
1335745
1970562
1471058
1443336
1822776
2263378
2024943
1567268
1685068
1436894
2522032
1422588
1393463
1347958
2726223
1848904
1874552
1806495
1524638
1294598
2606840
1598736
1586444
1398593
1523316
2184521
1459387
1376372
1637971
1530119
2590409
1820492
1398823
2356012
2458934
2043037
2256265
3239292
2263719
2564941
2725943
2294767
2139397
2158302
2791445
3537930
2542229
3209746
2004064
2466017
2466969
2719040
2349298
2192737
2505791
3592401
2472950
2251225
2410984
2329242
2243321
1803339
2081348
1939163
1747284
1981812
2005286
2191154
2134277
2359528
1896172
2063876
4033545
2451721
2620726
1788752
3624361
3151227
2168221
2295158
2015625
2359859
2060509
2368305
2947547
1736765
2285911
2187016
2660279
2531059
3018039
2244123
2178861
2297522
1668517
2841699
2387299
2507475
2026756
1836701
2597993
3651922
2033099
2423878
1878330
2059828
1701710
1548503
1429340
1384487
2046283
1445681
1381772
1273210
1574872
2461178
1513548
1810673
1426004
2128066
1507065
2223554
1615368
1205212
1262699
1212365
1207847
1575965
1545698
1438328
2854062
1346676
1529758
1436193
1167462
1632540
2697470
1437185
2036194
1525821
1938150
1397170
1303044
2503908
2100334
2503748
1977595
2222402
2026966
1380099
1595491
1601161
1479484
1915899
2041835
1464937
1717779
1583638
1984848
2665169
1816403
1591143
2760907
3083711
3052002
2619093
2163322
2936646
3297711
2819567
2262958
2408350
2594628
2275651
3103317
2823055
2750789
2011398
3296258
2765376
2350843
1951987
2045731
3363404
2705434
3967011
2724540
3295627
2350801
2006919
1795935
2673755
2102478
2535346
2582384
3188917
2310396
1927371
2023570
2531930
2180674
2316308
2696297
3443704
2062753
2204198
1763855
1997742
2089433
2606359
2853701
2814709
1910349
2023551
1990218
3467619
2366170
2772540
2538752
3279206
2757422
2910037
2489732
2358386
3183998
2634862
3034970
2788650
3077529
3495340
2669858
3426502
2506803
2975809
4683600
3467098
3633619
2871335
2164834
1540868
2930435
3702737
3502403
2537861
2388182
1591233
1925106
2880882
1913294
1722599
1539165
1896143
2862428
2917180
2777629
2053335
1651194
2423408
2825299
3438934
1552951
1244255
1789814
1416576
1327179
1145480
1264623
2521902
3229854
1427046
1796997
1508107
1521483
1656635
1635796
2151359
1581394
1434670
1588749
1671373
1701238
1898497
1471569
1399315
1458405
1784503
1544506
1423169
1518357
1248151
1673958
1478773
2569761
1660882
1303426
2751710
2125721
2010727
2113579
2425892
1967175
2677893
2008883
2709902
2438736
3016886
4197752
2416905
2961313
2339350
2070077
2042065
3577314
2162140
2029281
2450538
2753524
3557737
2049939
2649469
2932658
2727375
2290509
2568538
3676438
2574199
2491344
3478669
2955201
2510400
2915126
2035332
3377640
2254772
2623842
2378423
2635604
3997618
2550704
2686580
2285199
2263378
2810380
3609503
4230734
3010093
2706717
3005254
2375288
3287773
4218991
1598477
2411604
2820259
2728497
2182407
2106857
2345061
1708541
2735681
2075869
2434278
1953780
2660631
3053214
3001487
2560965
4564608
2639422
2533573
3014642
2969678
1591313
1961605
1447364
1451271
1372434
1653709
1758125
1366954
1498730
2909696
1914508
1961384
1680710
1796516
1969831
1660522
2943980
1903387
1353528
2709793
3567544
1578189
1637800
2340653
2162029
1546679
1565815
2117556
1492017
1744469
3187685
2531710
2803528
2950963
3520928
3133795
4533840
4288011
3639450
5928345
2639492
3033758
2626998
2688463
2690887
2973005
3327696
4852275
12360252
4231616
3185350
4659405
3071088
2815891
2672823
2372393
1858893
1965101
2049659
2232231
2544874
2365469
2413449
3576852
2146950
2231740
2727566
2642597
2614865
2963576
3619673
4652602
3899265
3776876
3366148
2192056
2525248
3136339
2440770
2388202
3657994
3219154
2843743
2381529
3473689
2998472
3062862
4369554
3893855
3311096
3202934
3889426
5065293
7655492
6849156
4730177
2390736
3762349
3106303
4305954
3320363
4985073
2842861
2596752
2775215
3210508
2754426
2644290
2808768
2484311
3422564
3127513
4005242
4988349
2117455
3676027
3805129
2640513
2865614
3120189
2336135
2584619
3302450
2793168
2331506
3034539
3010334
2268689
2508737
5226744
3388100
2476116
2599987
2208547
2236739
3366830
3275339
3048946
2760106
3364566
2291361
1997582
2382121
2332768
2375147
1963528
2312751
1836822
1945384
2298384
2000658
2451390
3672090
1546369
2558189
1928723
1467701
1454427
2233633
3018649
1712590
1967897
1637910
1334884
1720434
1419642
2298144
2085917
1909578
1614506
1684476
2001750
1831541
1814109
1779715
1597645
1571155
1774064
2912451
2518485
2617110
2545365
1932970
2219657
2272967
2189801
2016187
2855845
2703331
2364708
1961685
2191845
2024292
2272516
3527461
1969360
1998013
1623974
1665471
2680027
2510229
2481005
2794450
2670940
2383664
2986550
3839753
3173599
2326987
2297502
3828061
3366259
2502795
3052874
2733166
3864089
4794217
2956483
2591512
3443943
2573738
2550745
2426484
5276758
1906031
3206140
2225998
3710502
2853641
5846292
2523885
3218863
2524396
4588332
3336824
2534255
3081668
3250072
3454264
2539484
2733637
3336854
2241117
2209929
1985810
3073943
2567106
2010075
3540905
2674287
2093300
2315085
2806603
2247839
1887617
1730463
2501964
2306059
2335544
3052983
4144844
2895048
2797216
1552059
1512677
1972665
2029852
1681171
1502888
1995848
2002161
1408963
1559984
1313113
1916229
1148095
1567198
1423469
1723661
1610268
2464584
1511894
1414733
1641817
1606311
2370158
1293045
1260284
1296703
1462252
1389435
1422618
1941738
1188951
1302353
1487058
1441163
1397951
1468214
1788711
2633951
2026516
2630645
2348258
2140740
2248891
2237690
2687601
2316738
2604296
1755279
2878177
2214477
3270429
4365426
2117336
2253901
1748997
2370479
2283256
3024801
2483629
2829065
2035804
1993124
1604337
1947929
3075476
2116334
1715525
2564551
3100422
3447180
3082950
1730012
2318331
2472699
2267917
2621789
1871576
2043428
1884340
1852951
1887126
2198017
1786338
2383633
1911190
1965973
1585612
2127214
4410420
3967082
2347406
2837301
2558450
2414111
2116825
2601630
2221851
1729832
2045652
1751572
2096897
1747074
1975721
6530571
3325913
1512776
2159675
2006038
1662766
1813558
1499862
2895369
1752403
1658528
2287374
2015476
1850928
2533252
1696370
1880113
1574031
1487029
1581745
1185415
2195302
1159436
1301452
1405726
1223275
1356295
1977644
2587364
1253582
2063185
2054257
2120031
2767520
1302383
1514510
2103630
1214760
1374538
1524298
1249765
1756481
2072271
1242972
1104233
1245146
1901192
1811694
1541680
2300187
2395305
2123898
3078401
2056612
1854254
1864354
2060349
2056892
2162590
1682413
2422776
1631188
1644332
2273878
3085554
1631668
1687132
1528475
1654291
1473593
1563341
1322411
1442074
1368426
1932160
1748566
1398332
1533335
1967245
1339893
1242161
1183350
2464133
1653699
2057614
1495043
1352897
1458054
1260816
1436083
2496374
1646506
1677614
1646306
1777301
2003132
1417778
1832945
2707589
1468914
2386649
2538933
2023900
1838755
2073253
1669108
1504652
1289759
2276743
2271574
1492669
1498219
2886403
3852406
2081428
2003033
1840498
1911330
2319845
2144917
1530790
2480284
2014864
1942870
2363836
1831692
2705394
3478930
1974369
1668788
2055319
2557769
1359169
1512466
1249875
1582867
1267277
1633972
1874983
1470207
1742837
1243152
1090097
1126815
1298627
1234847
1769716
5387795
3383190
1334293
1473984
1256768
1074858
2470736
1576675
1368146
2262416
1414192
1803990
1576125
1240858
1901412
1303875
1371913
1368747
1320567
1378996
1721266
1998032
1436874
1133157
1396148
3181624
2289286
2554112
2831881
2078163
2879309
1758225
1482830
1375550
1550316
2265382
2022108
2379285
1432767
2178018
1913205
1721346
2107928
1600521
1645945
1841010
1837713
2011899
3021365
1829729
2251677
1556178
3113166
1842994
2223384
1945143
1493370
1794913
1769616
2114982
1871336
1336918
1441814
2219075
2129288
1563471
1319415
2723508
1990158
2803578
2363355
2151980
1543935
1263019
3085123
2183008
2006959
2114140
1957637
1454587
2156769
3307449
3013800
1494622
1431735
2147242
2446451
2057564
1610178
1447675
1380770
1530900
1850697
1460909
1490414
1886304
1717639
1637669
1387752
1458104
1670992
1608715
1493039
1895591
1441533
2287513
1457934
2001970
2175875
2138305
1344602
1055152
1190224
1139058
1683204
1435261
1568671
1590331
1349641
1536110
1267758
1632219
1464587
1600350
1738328
1529187
1764286
1436203
1717709
2078624
1693083
2207274
1312843
1372174
1584500
1726635
2328460
1633261
1214459
1220681
1433248
1498289
1876365
1116246
1226833
1235588
2162911
1328633
1367836
2174092
2821161
1223416
1727297
2341695
1518587
2001430
1206294
1280582
2326526
1252069
1430883
1812515
1595601
2157591
1653469
1232663
1456711
2098420
1803139
1645314
1379437
1513208
1441974
1370640
1751683
2314974
1464496
1296312
1420124
1153144
1439649
1915949
1606541
1266887
2258539
3007779
2502135
2409721
2545775
2689435
2115282
5287488
2609495
2096698
2053507
2761118
1915859
2106195
2223093
2897963
2252177
2369356
2279219
2930976
2248100
2284589
2426002
2415743
2398300
2529575
2281742
2157641
1867890
2253400
1946417
2042235
1996720
2060990
1805363
1734892
1467431
1218376
1303245
1174956
1527874
1544195
1505151
1348910
1854375
1547020
2136541
1759046
1653940
1554724
1597595
1738237
1630135
2037878
1769195
1949181
1665332
1955564
1621079
1649351
1727537
2559421
3385064
1693574
1875684
1997061
2265502
1717810
2228153
1448166
2790353
1696328
1609697
2431763
3076608
1471720
1402741
1850557
1646686
2390036
3377369
1589149
1349271
1439389
2068515
1904859
1387171
1767953
1642759
1320097
1299278
1552681
2736663
1456320
1570014
1958650
1820140
2456609
2112156
1696149
1725804
1427647
1663418
1758786
1266606
1553663
2319403
1318142
1347648
1429400
1315709
1482309
2339371
1611791
1555947
1513047
1751743
1263521
1236000
1627500
1638762
1953369
1979288
2798068
2243592
1608034
1800223
1842262
1899349
1699936
2389834
1848484
1922892
2370729
2466118
2047054
1746523
1980220
1865074
2047034
2355351
2236158
2509629
2125761
1756331
1825601
1849415
1898617
1880743
1546730
1463624
1779084
1447825
1299969
1344372
1321559
1707039
1324675
1373095
1305830
1225550
1382483
1451903
1509850
1861958
1213056
1274471
1300660
1541510
1698543
1630877
1515372
1846620
1419823
1509430
1459327
1473542
1944372
1598135
2400996
1727908
1651525
1405035
1122117
1066342
1036968
1959130
1466500
2090164
2902232
1586615
2116284
2283275
1627541
1838174
1346615
2028179
2732716
1783782
1691680
1925958
1888879
2541458
1892084
2402779
3198846
2123657
2751500
1671623
1484804
1296873
1328562
1388445
1412879
1739660
1483091
1267187
2141070
1365932
1276144
1543774
1665952
2237310
2058445
1944864
1823646
2309885
3158841
2149927
1754147
1545647
1484904
1358518
1419432
1889570
1387151
6584311
1428369
1259794
1254323
1325016
1644151
1465207
1373256
1312602
1393563
1678185
1433658
1415825
1677745
1483110
1377102
1190624
1200313
1700998
1210231
1491566
1451702
1457704
1354300
1284691
1163894
1254173
1269401
1919106
1542562
1408822
1438468
1446151
1476909
1545677
1476519
1562419
1672324
1556599
1482330
1306591
1083755
1099384
993676
1241510
1066883
1232663
1320017
1993575
1494071
1232483
1581535
1523256
1287555
1344081
1852902
1477931
1440421
1718621
1512486
1408071
1872067
2476737
1471348
1587426
1778924
1356564
1450450
1402380
1330405
1466340
1676142
1484243
1275393
1546379
1613645
1285442
1587906
1559614
1422237
1429801
1366873
1489543
1335716
1697592
1254544
2159524
1835570
1712238
1468543
1495423
1556618
2027858
1902154
2173631
2156789
2388603
1273098
1937058
1921360
2207374
1257891
1310208
1175005
1379176
1743727
1161290
2548993
2101947
1743056
2226008
3293914
2061622
1915529
1824128
2630915
3677120
2248161
2184271
1950133
1842291
1591162
2472689
1836271
1825410
2050019
1773233
1570574
2489081
1761490
1702962
1935476
2270982
1833936
1478342
1254884
1253632
1933032
1213627
1241008
1640014
1432095
1183110
1968277
2308042
1731876
2065428
1473043
2105012
1975261
1224577
1446312
1718200
1962265
1460989
2264310
1779935
2620135
1288256
2067492
1448816
2254912
1068897
1163965
1231040
1253001
1215772
1110825
1128889
1554504
1779595
1934494
2098981
1492629
1449027
1404424
1868210
1624364
1599428
1378285
1640755
1214759
1259093
1309046
1529577
2036775
3033618
2206242
1880343
1618634
1895842
2463072
2254112
2197074
1263030
1066473
1594569
2330604
1284590
1535709
1422307
1192838
1960963
1385909
1480306
1802237
1736123
1653499
1976843
1725975
1309947
1538224
2116835
1256196
2571203
1440181
2549854
2339691
1993424
1860335
1980690
1199421
2145268
1178783
1556418
1529096
1270393
3185882
2187417
1778753
1495393
1916731
2150458
1169134
1631267
1468864
1786858
1087992
1052768
1054811
1048549
1885964
1132685
1470097
2011518
1139459
1975661
2206883
2545506
1630296
1675911
1202316
2078022
1233604
1303846
1147274
1111927
1112599
1092993
2671020
3668334
2161367
1916481
1942109
2243571
1842172
2915326
1884902
2236649
2094973
1568710
1878760
1841771
1928632
1879651
1798060
1685238
2017860
2482719
1842131
2015305
1879491
2602572
1663689
1697511
1854255
1536069
1907143
1901443
1783672
1664570
2463843
1765438
2213625
2091167
1992332
2551206
1308074
1755730
1885172
1915729
1952117
2094423
1946367
1846390
1792087
2182117
1874242
2325534
2055229
1547421
2687391
2341474
2060158
2370488
1970742
1899238
2750278
2334572
1825551
1192588
1511724
1638842
1485675
1580513
1509580
2028810
1609327
2085405
1543444
1352357
2152431
1311921
1147493
1685689
1206003
1303555
2389544
1424031
1985870
2651573
1448025
1664400
1207546
1785515
1180535
1073415
1062776
2131101
1107018
2530237
1961404
1194872
1514149
2077902
1087192
1263241
2387621
2319514
1956005
2895169
1744669
1818637
2265773
2454706
1937851
2498538
1611851
1943571
1751342
2463492
2038258
1904018
2145909
1603676
1855066
2248861
1703943
1761190
1634664
1556438
1777059
2612611
1560455
1875944
1601011
1795935
1804972
1671693
2083853
2037587
2192026
1745461
2719661
1916741
1644923
1647818
2537941
2084254
2208607
3024811
1944012
2012741
2276413
2256065
2188408
2802557
2205160
2028970
2133867
2818336
2107247
2357755
2353156
2146550
4430547
2380056
2217352
2119880
3224293
2790493
2355571
2738887
2901961
2282484
1788090
2536609
2721505
2139187
1786087
2863861
2496484
2118186
1678566
1625336
1912262
2570341
1697411
3249651
2164654
2806934
3041231
3635913
2132665
2050010
1895301
2621838
2140639
1878008
2144406
2018872
2195422
2564761
1301502
1665732
1460018
1757093
1203498
1169174
2613052
1209340
1231190
1476438
1138588
1070380
1194031
1080599
1077453
1475647
1177359
1318834
1102400
1217504
1138827
1022140
1090667
1024976
1194211
1070260
1097700
1055211
1302012
1929374
1251718
1211894
1005348
993235
1318172
972065
1104974
1516823
1225420
1232372
1106707
1121485
1267527
1277577
1195654
1183862
1510382
1028131
1105815
1073916
1759737
1268129
1366022
1021699
1070369
1176638
1878599
1182799
1111286
1119721
1069107
1050933
2268528
1756521
1874933
2418749
1847311
1654771
3109630
2626518
2931938
2279729
2417967
3340250
2070759
1988074
2572796
1933452
2339812
1772021
1774726
1760769
1650644
1894610
1775447
2063295
1630506
1875715
2239975
1964470
2008182
1716818
1979468
2492636
2326947
2465095
2530237
2219847
2450458
2133125
1777812
1620077
1820622
1478231
1420463
1839256
1489412
2166868
7421405
3137662
1154387
2009784
1802938
2660740
3401505
1424932
1962857
2097338
1909116
2638519
1868090
1654801
1708531
1528195
1937409
2350280
1495785
1801155
1500734
1831401
1449297
1308805
1262999
1781298
1598787
1178622
1126014
1487279
1393864
2487868
1790465
1222905
1516133
1691000
1317081
1344421
8010836
1903076
1164155
1542812
2146450
1132195
1402991
1607573
1408922
1528976
1447444
1327059
1531922
1975801
1415495
1668628
1427757
1390728
1318012
1314646
1505011
1557269
1213327
1279631
2092770
2024592
1842863
1597384
1472491
2562627
1829348
1227583
1269201
2457541
1381602
1968617
1188080
1622251
1500233
2032047
1194812
1277747
1293677
1390358
1243794
1827094
1706107
1305338
1238785
1417719
1224247
1110074
1329995
1202126
1376261
1922281
1556177
1391148
1540999
1390027
2153984
1877878
1872669
2594427
2006989
1353309
1251057
2105624
1763845
1548523
2005627
1702691
1788863
1174374
1127416
2216040
2196343
4807572
1601582
2224816
1771399
3112846
2313271
2838793
4120528
1929405
1830089
3028367
1708813
2114150
1622422
1631848
2515861
1953379
2344160
1678296
1408812
1624785
2094102
2398000
1430843
1586694
1298466
2020595
1302904
1197677
1590091
1601472
1514700
1793481
1634855
1599938
2268999
1823647
2305437
3028638
1526862
2630564
1615738
1800163
2595229
2453303
3384623
2953097
2723328
1726686
1808949
1798640
2780404
1730473
1779855
2571424
1658849
1906873
1592485
1990328
2395296
1869372
1879231
2614795
1754538
2378945
1983576
2366932
1651526
1326458
1876916
1507276
1560756
1436143
1523947
1676783
1966334
1187499
1465327
1277587
1257610
2025675
1423399
2195792
1106697
1271254
1238103
1248592
1174344
1382653
1834066
1329564
1375409
1518226
1312572
1225990
1408041
1531732
1375179
1312862
1602715
1920488
1343129
2089484
1437927
2265812
1588728
1343791
1592245
2011618
1812486
1687413
1502076
1436013
2501323
1623934
2924643
1917832
2101466
1859354
2679626
2115944
1926319
1739349
1735171
1789173
1810152
1820691
1812466
2118227
1531301
1793631
2657625
3453772
1948891
1785676
1672906
1753516
1837403
1723209
2106165
1513818
1847401
1633552
1667736
1732507
1836000
2556096
2249212
2121163
1849916
1952187
1904048
1727297
2412347
2699423
2187587
1612172
1557370
2333450
1739470
1382944
2840306
2103179
2233312
1541360
2227171
1624005
1589990
2047796
1746403
1885884
1560526
1647377
2416414
1553643
1566136
1431535
1688144
1936308
2089414
1546540
1551579
1883479
1299508
1300279
1757855
1746863
2725913
3636704
2493568
1853253
2142573
2081299
1493811
2026616
2752933
2100034
1400156
1449488
2109642
2617681
2169844
1269812
1260084
1195534
1742205
1607774
1450880
1585613
1340084
1904839
1748546
3174511
2770786
2210670
1567328
1725734
1544045
1969119
2866465
2092499
1611771
1881244
1611200
1836981
2010847
1779806
1721215
2928010
1585782
1692482
1489353
2383824
1964400
1781038
2275672
2110953
1778684
2314253
1899208
1631498
2018651
2358226
2123317
1786609
2083603
3155586
2269810
1998774
2297913
2000407
1833756
2000728
1880494
2348779
1729791
1805012
2060460
1763735
1525079
1670491
2900178
1500042
1548052
1471429
1332038
1629734
1330917
1595421
2313382
1846179
2545896
1597966
1487769
1517796
1619044
1570124
1887908
1671804
1990609
1834086
1928442
1559093
1521973
1755700
1990909
1504150
1778663
1619827
1578759
1979217
1985830
2998652
1958349
1636697
1900100
2876313
1724823
2106135
1762924
2167670
1875934
1728309
3188417
1736493
1766822
1763715
2766138
1837774
1605179
2003933
2129148
2865744
1945916
1692742
2065499
1534086
1669569
1563671
1429801
1435392
1652377
1827454
1622582
2447893
3402366
1625837
2487086
1872127
1643610
1651515
2676680
1907103
1754578
1896914
1680800
1578088
1800213
1323683
1299698
1435162
1080369
1394084
1175366
1962897
2469654
3168940
1579130
1331217
2030042
1134800
1479554
1545337
1377132
2415292
1796015
1415444
1277085
1335455
1209520
1292956
1262619
1379167
1209369
1478974
1135953
1215591
1588167
1400066
1359620
1263721
1509981
1471409
1572147
2329322
1467962
2265131
2039721
1949923
1881054
2454215
2635564
2571515
2050792
2125100
3062842
1677474
2198196
2430481
2550835
2148914
2254662
1983306
1848463
2809879
2276713
3252516
2385026
2526710
2674456
1956765
1821343
2367523
3122424
1623984
2746551
2359839
2015596
1880262
3114599
2595759
2206983
3605265
2384043
2318020
2407107
2052936
2118738
2020595
2543322
2089224
2800391
2024943
3049197
1644482
2431833
1846981
1677193
1910509
1675029
2308462
1967556
1719332
1835389
1870414
2016767
2666361
1962196
5499715
3338076
1807037
1667736
1793891
9096975
8416303
1673055
1378986
1422066
1178671
1844175
1834377
1793270
1878229
1872849
1901532
1955633
1669610
1827434
1985149
1723620
1962657
1780166
1688154
1769827
1601011
1500684
1393985
1923183
1490234
2235055
2450107
1727237
1382893
1726826
1407069
1360161
1835088
1466770
1152824
2188769
1321208
1368035
1800423
2535917
3328128
2146280
2831130
1260085
2349529
1358999
1521011
1978266
1603566
1203939
1882377
4155283
1757003
1533746
1271365
2969878
1972205
1515952
1731866
1952798
1736383
2060930
2176426
1976602
1807416
2297222
2156569
2394804
1829778
1588597
1949592
2213405
1873591
2035263
1768063
3058954
2058897
1735182
1796296
1936558
2792457
2306820
2201924
2318281
1887316
1796687
2138355
1739029
1579971
2074156
1840919
2502105
2308283
2605949
2204809
2463492
2136942
2664778
2454496
2197154
2227472
2439938
2115933
2568899
2740430
2161378
2917450
1815261
2245495
1839556
2229526
1998153
1997292
3286279
2259251
2020414
2511351
2259822
1982754
1933131
2039210
2975719
2242419
2346875
2734559
1962357
2127846
2249523
1885793
2892664
2536949
2346794
2040101
3208404
2940864
2509298
2280701
2780505
2355371
1857731
2054258
2157009
1959581
2449857
2205220
3243439
4975506
3165874
3452069
2370448
2216230
1589760
1592986
2263068
1572718
1827184
1508037
1709684
2743185
2590579
3397177
1336587
1114522
1286574
1683074
1212265
1625115
1229868
1168432
1266135
1769325
1309395
1202647
1167532
2356553
2270523
1506484
1683936
2300097
1337338
2350120
1774114
1718210
1575553
1476648
1447554
1449358
2151700
1843344
1599890
2097408
1901592
2732935
1959460
2107307
1962616
2265112
1735132
2026035
2194751
2165455
2045782
2366791
2078313
2174783
1772612
2434588
2152832
2025173
2463052
2227331
1882487
2084424
1831111
1963428
2158643
1945445
2341165
2172689
2058235
1879852
1829538
4348314
1520831
2222392
1734760
1908936
1684888
1923484
1735482
1813578
1800884
1952087
2021988
2058205
1878039
2064528
1836511
2068244
3169321
1924285
2310116
1594649
2659258
1910008
2195201
2631866
13106456
4479889
2590229
4070335
2306469
2629843
2063555
2263558
2231248
2042255
2073714
2786506
2127103
1757473
1789092
1744439
1675630
2044389
2608403
1744388
1955413
2208666
1700226
1468864
2082570
1877468
1530129
1558121
2283366
1662797
1487819
1946947
1455710
1460368
1825780
2028600
1629625
1497577
1750701
1728689
2363035
1247430
1773924
1579852
1727538
1630696
2649810
2014213
1476659
1480797
1322230
1513998
1483050
2084193
2340383
1065490
1227013
1636036
1234576
2118248
1386180
1404634
2223083
2307270
2140500
2321637
1777440
1784894
2590440
1471749
1630386
1780336
1814429
1540538
2566455
3791033
2486635
1909938
1855356
2170565
2045892
2051422
1896634
1858573
2081949
2275281
1839537
1739670
1675911
1808048
1696098
2819567
2315807
2211351
2180364
3042263
1944612
2369196
2163032
4436337
5208200
1984628
2056782
2501834
4358342
3837569
2576875
2398601
5049714
4223240
4533931
2903063
1711507
1176838
1241700
1168173
2803507
1979448
2123296
1823467
2125250
2243511
2090094
2009154
1891333
1949352
1976553
2444667
2138516
2026516
1947498
2090615
2084093
1801435
1711246
1746974
2050742
2692540
1557280
1832674
1990910
1715826
1687473
2010657
2818756
2275851
1955002
1682023
1613765
1656414
1651645
1758124
1931599
1513157
1692773
1408371
1368196
1507346
1719191
1499712
2065889
1302363
1484674
2211933
1833796
1480265
1350843
1393954
1298075
1243503
1874131
1217986
1412558
1485535
1502888
2052725
1266626
1215642
1185896
1243994
1769134
1389976
1438548
2687281
1697492
1336567
1390999
1476458
1410735
1596884
1374608
1939584
1111677
1133156
1509971
1062324
1312693
1271114
1792799
1123008
1127266
1119432
1356785
1171940
1574832
1269672
2326426
2736512
1592014
1526342
1791487
2635775
2169033
1517555
1277957
1144749
1856178
1170026
1052175
902426
1129620
926200
894251
917945
937020
974049
899029
1552270
944975
985030
1130482
908858
1196907
3129296
2133947
1647949
1596122
1633371
1560506
2474944
3242908
2631977
1664289
1725494
2646755
1854425
1685118
2662484
1941107
1871936
1672384
1846240
1629314
1743888
1699305
1496927
1607763
1388835
1839206
1461140
1758626
1646776
1738918
1703723
1603045
1603746
1827454
1959421
1734139
2143245
2972764
1607853
1578168
1474886
1908676
1684858
1514479
1491327
1563191
1896543
1495534
1414723
1424211
1453436
1136854
1098602
1190514
1787549
1534477
1214439
1183481
1598075
5691603
5041449
1926510
1090247
1030185
1058898
2203637
1376101
1821413
1178201
1399876
1566928
1693103
1466279
1511905
1468964
1380939
1240989
1373887
1436664
1396850
1581274
1320978
2042357
1398774
1240407
1950745
1480276
2279829
1852391
1694867
1388264
1528486
1595090
1304047
1239536
1166089
1298065
1295540
2120021
1436925
1337388
1834728
1771801
1310458
1244585
1430243
1413631
1406818
1932931
1703272
1470938
1182309
2056372
3679955
2208767
1312753
1232573
2125141
1681471
1690919
1755310
1477690
1324545
1946316
2777139
1323131
1417939
1410405
1287355
1407289
1759126
1547100
1653119
1676142
2389975
1294950
1089506
1124851
1283979
1156821
2037377
2785334
1344442
1651245
1844836
1699325
1520501
1505041
2435531
1610769
1791167
1343269
1535128
1513428
1694186
1545928
1319956
1572798
1091640
1268961
1883910
1714413
2260232
1673046
2142483
2334431
1711848
2349159
2808057
1916280
1938221
1872218
1805293
1798711
1681641
2573017
3803927
1756501
1726145
2517353
2270251
1770408
2006779
1923473
2331827
1796035
1686170
1509229
2420463
1767222
1923103
1520871
1856688
1762783
2233894
2295789
2216410
1563150
1597044
1456040
1708902
1585091
1935085
1461511
1331197
1290712
1826722
1954763
1336217
1771429
1596813
2039902
1331207
1434690
1783943
1843685
1296733
1321960
1192327
1606882
1304998
1687833
1366924
1510543
1251117
1806966
1036236
1241629
1503860
1431345
1329374
1152232
1024824
1336056
1151692
1224137
1491015
1423760
1183501
1742476
2497365
1429390
1102469
1670100
1250847
1069959
1039863
955725
2464153
1283939
1169044
1805624
1387942
1383625
2465145
1586264
1390919
1795524
1375560
1921279
1632630
1408050
1591223
1233775
1295530
2125321
2955321
2190101
2070218
1612963
1657827
1313353
1694807
1865966
1309727
1359309
1441623
1643170
1902544
2079155
2924263
1614336
1978566
1252250
1407059
1685439
2218325
1257590
1616851
2051122
1289509
1824979
3020443
2157030
2226509
2899266
2059187
2282835
2581322
2002111
1857770
1793180
1936157
2103600
1890441
1941007
1864063
1799111
2475084
2006749
2463321
2239443
2027708
1877267
2583487
2250956
2263219
1680049
2013151
2860014
1873740
1766159
1853833
2079585
2661983
1777541
2070258
2028169
1878690
2103630
1711958
2552208
2697189
1805844
1838686
1989587
1792819
1686581
1959470
1387923
1388344
1230199
1571366
1534818
1420634
1562850
1674318
1702260
1342418
1438789
1598887
1504451
1606051
1901944
1411517
1630056
1253712
1309256
1491917
1576455
1700487
2505892
1536641
1645504
1550056
1497057
1495133
1168864
1210081
1267808
1073736
1151481
1243354
1284190
2550425
1244435
1534848
2637457
3426892
1534577
1877227
2026686
2774233
1305579
1301642
2044158
1151652
1506645
1258601
1547130
1267438
1240608
1414412
1149658
1329123
1589139
2604897
1556558
1602254
1261156
1217785
1010819
1338040
1322501
1371091
1172901
1371032
1126935
1749789
1223506
1140470
1209590
1223295
1130963
1218386
1250195
1133959
1462772
1653850
1296021
1702471
1152463
1293177
1322601
1248332
1544696
1431284
1685409
1474835
1924095
2670348
1358979
1430041
1788120
1177901
1483111
1646656
1488962
2228222
1468634
1347257
1270684
2177669
1418289
1726907
1222513
2529316
2157941
2410423
2659799
3606147
1862981
1952738
1909027
2253600
1972585
1552019
1913174
1764356
1707921
1830570
2416755
1824287
2593795
1699304
2772450
1842182
1813688
1867188
1665592
1574021
1843304
1990779
2086768
2981050
2333499
2012690
1650795
1751953
1833786
2023881
1393684
1501945
1189322
1823527
1637529
1650283
1881716
1756932
2050732
1828837
1444488
1739420
2243060
1525721
1637028
1292284
1355131
1714674
1608846
1371482
1166780
1046095
2597954
1938822
1347728
1505412
2063095
1766750
1792319
1638501
2015125
1418911
1405566
1859935
2420201
1572458
2323281
1424511
2010476
1199561
1142044
1260906
1439279
2259632
1357205
1536280
1238264
1406998
1366974
1725053
1714784
2398521
1165718
1385649
1405737
1348980
1168834
1167942
1445010
1292465
1193590
2293034
1314155
1407169
1801445
1284420
1282656
1905440
1390668
1332239
1199871
2569410
1461401
1485275
1459988
2037596
1301942
1304127
1302213
1807116
1543815
1255997
1563892
1677704
1489393
1611921
1558973
1318163
1384997
1660653
1424231
1180696
1188881
2602362
1386059
1613494
1877257
1391911
1632981
1775977
2308854
1697221
1259773
2714421
3938167
1932350
1722188
1593236
2125300
1706779
2163292
2386649
2333880
1614326
1596973
1665181
1569122
1506344
1858422
1538825
1175897
1421997
1555927
1430874
1435011
1531892
1304647
1396068
1176669
2061501
2149516
1748126
1735543
1981611
1662416
1713050
1469736
1763484
1966454
1996079
2000848
1671502
1836762
1741594
1658608
1627341
2082120
1918865
1747946
2367282
1900390
1962487
1849425
1581525
2330955
1771320
2071520
2735500
1468353
1304166
1893097
1410044
1250165
1213648
1221862
1239776
1458565
4042412
1417177
1116306
1110555
1344402
1256517
1514329
1991821
4785360
1354801
2844945
1580322
2178289
1371672
1722718
1786708
1380069
2264571
1222174
1472181
1110745
1178682
1160027
1066643
1619024
1860977
1222183
1028000
1327019
1265935
2349299
1247220
1279922
1153815
2745960
1890382
1423160
1819629
1221552
1118560
1157893
1211814
1305078
1262959
1089025
1636317
1123840
1346486
1305479
1080579
1549996
1327630
1301100
1890822
1529999
1206855
1378605
1438147
1063907
1448917
1198538
1532323
1265995
1324074
1833886
1423890
1938352
1510542
2354328
1461220
2086928
1316990
1797057
1454959
1386140
1176578
1691260
1874131
1823737
1680509
1838685
1636227
1801485
2425061
1586424
1929354
1731735
1710726
1702059
3022406
2207514
1981342
1897295
1835128
2295157
2771027
1826362
1937701
2653708
1573008
2384685
3304463
2150308
3099059
1706027
1992964
1705426
1927962
1645604
1901051
1730153
1951305
1819419
1709554
1929965
1711608
1824399
2151550
1675260
2042286
1737807
1834126
2084474
1576325
2851778
3718958
1993655
2087169
1970833
2159394
1970532
1890101
2033399
1964831
1987914
1959912
1804631
1939614
2027448
1926539
2712388
3540805
1663778
2060390
1923152
1725133
1520851
1335114
1684638
2646785
1351876
1532333
1316299
1511393
1403622
1409443
1810362
1663738
1462473
1471068
2013402
1490084
1614566
1462703
1377674
1950834
1224277
1427527
1926860
2375067
1433888
1375590
2044018
2679786
2447242
1412879
1440030
1417688
1575884
1350593
1920799
1693343
2158543
1423499
1937480
1648489
1083054
1484434
1405235
1331097
1077633
1597705
1445921
1437205
1112599
1580102
1124040
1215891
1250857
1855536
1466590
1490525
1895592
1291623
1437626
1616179
1258231
1470707
1439239
2553761
1453716
1191586
1667054
1705836
1793641
2518335
2809880
1805132
2042667
2022548
2335353
2275180
2052885
1865926
2217783
1674909
1718711
2800963
1715465
2161307
2346713
2023470
2072192
2115402
1655814
1799803
1570855
1582947
1509059
1721586
2397249
4472736
2940965
3885419
4637634
5049163
2123517
4679582
2363176
2180343
1826132
1919937
2078413
2237149
1817255
2967835
2741462
2024292
1949623
1833686
2821742
1952067
1798750
2115512
2640873
2305337
2878677
3254200
2168661
2059037
2097278
1783682
1773514
1789643
1856589
1583318
1503288
1727017
1793681
2419921
1811034
3155806
1909006
1897495
2390425
2280240
2228583
1722698
1996200
2126734
2142723
2559511
1593928
2863600
2450928
1524198
1474785
1424992
2019914
1697712
1146652
1434931
2461790
1377193
1367815
1434499
2375638
2196904
1456942
2097409
1943010
2033980
2458112
1726455
1956045
1685860
2618943
2160666
1550898
1533455
2149365
1303285
2698702
3611417
1673957
1144468
2340533
1499952
1665491
1561368
1579802
1618343
1466460
1557329
1613374
1459446
1782520
1688254
1559644
1779054
1666955
1534387
1552801
1578589
1702982
1959932
1774826
1748657
1861999
1946857
1615468
2032627
2255625
1756762
2562808
1933171
1783372
2024963
2040242
2757933
1935285
1548523
2166458
1602685
1748376
1839787
1679348
1641627
2025403
2089634
2348958
2287503
2145338
1970151
1914516
2043538
1876285
1905149
2729059
4325882
2145047
2111625
2175824
2128847
2073254
2018451
2178750
2076139
1810232
1753907
1797939
2030303
1935276
2063465
2434739
2264260
1785516
1775648
1948150
1893147
1785766
2318962
2127645
2025314
1479914
1709413
1624976
1718891
1811264
1746493
1663437
2017008
1827735
1184994
1236900
1752093
1440601
2260303
2909415
1446352
1421696
1122817
1381311
1937400
1598176
1467341
1859414
1426205
1568340
2332878
1357466
1537151
2336826
1422347
1249534
1637749
1347707
2258870
2071170
1585883
1220861
1667315
1946146
1891564
1205472
1519208
4361077
11036799
2991008
1067555
1066243
2338108
1488120
1529006
1487639
1937019
2897834
1363538
1492639
1769576
1658499
1481728
1718360
1792058
1889640
1602945
2269370
1740782
2402910
1662656
1781348
2618101
1930917
1663618
2537851
1725213
2137653
2352916
1607023
1681712
1579130
1502257
1900711
1823036
1690919
1927461
1753455
1460458
1886645
1466219
1659190
2250615
1914807
1706799
1529488
1597595
1901512
1736173
1756181
1696740
1840479
1621800
2392570
1950614
2654909
3563948
2227011
2810049
2041363
2112847
2249343
2110793
1724903
1925076
2111825
2540537
2154044
2401106
2021186
2440339
1940595
2101345
1866407
1565855
1732507
1625287
1805153
1578098
1388324
1453064
2159815
2988664
1730082
2719090
1951917
1404625
1384286
2167510
1502417
2105734
1387732
3761568
1173122
1211253
1238544
1285542
1202887
2558079
1489322
1287546
1367145
1947918
1507295
2263920
2938930
1604979
2199309
1623883
1491507
1733929
1263620
1592605
1482149
2036124
1165819
1260204
1329755
1227784
1192598
1557920
1072834
1227222
1094805
1520460
3234132
1212575
1958559
1353119
2298945
2181125
1701158
1903606
2973285
1929645
1920338
2364618
1622601
1711578
2149335
1433148
1936517
1862419
2239704
1698904
1723359
2275511
1666022
1772211
1573509
1399424
1741003
2625154
1433077
2121192
1726576
2399893
2017059
1769266
1886384
2437283
1685328
2547129
1537833
2056152
1529577
1755149
1600059
1712289
1629445
1787980
1693474
1703081
2205881
2080748
1548793
1601111
1610158
1746152
1846169
1923894
1538515
1622912
1975480
1630245
1673256
3212681
1977935
1981682
1880944
1915799
1933072
2206301
2237180
2003092
1791006
1573840
1537613
1652968
2528153
1663928
1518496
2134818
1851008
2709892
1565785
1511443
1316009
1290481
1274180
1964310
2564370
1317231
1368266
1208527
1404314
1168563
1188670
1460629
1530540
1636036
1202877
1304377
1396880
1113730
1126545
1516313
1010467
1276985
1031116
968660
2093070
1343130
1047947
2143314
1441012
1781007
1725794
1101759
1150279
2587454
1120554
1234827
1069749
1626107
1042337
1182380
1734501
2151620
1298346
1411647
1232803
1291112
1328812
1433588
2161749
1210752
1006330
956767
1151973
1639823
1084676
1169625
1437806
1419631
1148385
1616390
1195143
1304126
1036487
1815592
1990920
1822936
1940234
2283165
1834899
1886685
2016948
1798991
1522735
1735311
1785015
2728858
1960723
2821432
1723279
1732357
1735653
1592485
1699194
1582857
2129498
2911649
1788932
1542713
1665131
1693624
1694626
1637399
1572969
1577957
1927992
1743527
1922432
1927190
1549645
1533154
1632200
1932160
1799081
1729301
1632449
1522193
2494290
1969810
2136742
1936177
2459896
2121383
1629915
1893308
1993965
1560065
1926028
2093410
1762644
1663748
1573229
1813157
2838793
1728680
1969309
2843101
1983916
2049299
2421795
2002931
1396809
1343580
1733067
1352537
1430302
1947248
1455068
1615738
2570542
1642318
1480586
1223946
1500113
1119742
1051084
1842873
1954632
1163644
1199231
1430162
1564984
1194030
1067424
1108050
1440822
1127026
1315789
2385357
1569482
1711959
1495063
1459416
1192317
1011509
1153134
1326909
1235007
1269712
1526362
1403843
1201845
1172320
1125894
1239546
1349702
1214549
1971283
2634772
1047878
1290922
1064659
1063858
1025005
993105
1640284
1403512
1012912
1055893
1325346
1219959
1010097
1514409
1780206
1116256
1084406
1081580
1122237
1313694
1234767
1127867
2441181
2021166
2827382
1960843
2332578
1502376
1764727
3012418
1750540
2156749
1796476
2351614
1651446
1978065
1786377
1726646
1736114
1738668
4246043
2184300
2011788
2685737
1786818
2033830
1810573
1564202
1705416
1415885
1614296
1717288
1861958
2600308
1385007
1558111
2126323
1572698
1472160
2171777
2019253
1835940
1931038
2281402
2261635
2297222
2213265
1850678
2175304
1773684
1650393
1684257
1819468
1543463
1661965
1694747
1218937
2134719
1744308
1495454
1743557
1930126
1621519
1525710
2318011
1296973
1494021
1220089
1958839
1718521
1361293
1197347
1555566
2073082
1001210
1176308
1091449
1895551
1347758
1231020
1514971
1365170
1049079
1316629
1120704
1133528
1414783
1436103
1053017
1114612
1477931
1185335
1042418
1271405
1091660
1210942
1174926
1697682
1042447
1174875
954784
856941
1199591
1002984
923416
1315838
1126024
977777
983647
1182279
1179594
1273379
1099274
1225399
1680610
1138637
982175
1124881
896185
1041125
945286
1200904
1020396
1206303
1061133
1072102
1088645
1842522
1323172
991603
1020977
1217284
1477039
1652748
1311099
1275183
1176228
1172150
2405484
1825841
1889951
1708111
1703913
2378884
1928152
2452181
2426303
2083452
1949101
1657626
2421925
2328912
2236679
1931669
2000116
2055941
2762401
1753886
2440790
1708362
1631988
2238703
1898978
2185413
1711748
2358997
3396977
1791657
1888638
1759958
1939293
2025063
1685148
1770588
1166629
1392532
1461491
1846800
2381490
2014223
1333382
1188821
2222021
2619414
1840409
2623721
1569452
1704965
1675310
1634915
1256336
1654772
1893607
1495864
1291823
1379256
1958478
1521392
1790354
2494020
1333872
1291033
2101787
1240217
1505162
1463124
1246809
1525190
1288277
1091770
1660192
1508027
1109713
1131294
1155008
1287485
1246178
1535599
1184513
1189642
1192298
1644502
1389706
1675671
1521964
2151018
1156641
1071482
1134640
1105295
1602003
1255936
1001311
1325356
1486197
1912423
1416136
1164385
2132965
2666862
1266967
1510261
2008983
1612953
2443655
1788061
1947468
3016235
1865645
1839567
2075537
1676823
1615207
1660813
1557640
2009865
1846590
1628752
1439910
1962876
1421285
1916120
1819929
1834677
1729952
1763635
1608896
1996440
1854114
4917858
1609096
1542441
1771520
1551489
2332637
3074244
1773353
1971824
1335745
1301741
1174263
2378433
1364128
1540789
1696079
1575824
1708050
1488231
1569652
1718421
1757213
1821553
1550487
1718300
1658789
1515561
1255966
1545678
1631258
1316659
1756321
1425142
1845448
1594409
1242711
1751772
1362195
1225800
1477149
1707992
1459857
1557981
1225330
1383906
1312983
1542842
1525429
1794122
2609195
2078643
1843234
1795604
1678796
1794122
2483220
1387753
1917192
1749509
1736424
1880713
1664941
1712018
1905309
1825811
1668577
1839527
1642108
1681682
1772391
1649602
1927942
1749017
1625256
1504671
1535728
1695899
1324425
1487469
1425864
1303665
1650253
1908615
1439890
1406327
1419772
1924826
2466568
1586364
1453686
1854795
1322090
1509951
1353689
1431795
1382463
1439339
2239564
1429291
1395838
1763405
1674849
2192355
1719773
1643521
1574531
1769115
1453175
1369358
1583147
1946236
1191446
1703273
1339643
1444979
2276223
1816113
2372142
1281194
1341566
1149348
1329062
1270584
1397971
1278088
1042317
1055481
1026648
1080569
1200994
1122648
1281725
2224656
1302443
1867519
2564210
1757844
1487508
2616688
1941297
2253540
1884791
2877115
4805218
2886522
2296060
2563429
2183059
2156509
2717787
1876255
2025935
1711367
2576112
2250835
2104011
2187126
2283145
1769085
2009875
2826921
1987924
1905049
1878850
1650493
1581003
1686511
1876416
2404803
1748666
1749338
2294777
1544124
1613955
1409553
1663668
1649782
1875233
1753676
1787940
2348678
1798109
1349642
1636949
1567168
2101646
1637299
1797088
2441662
1806955
1554655
1780416
1671293
1952768
1418961
1563611
1382653
1471970
1680820
1618063
1688534
2716886
2442915
1713902
1507757
1756582
1746583
2586993
1421957
1286043
1461300
1471949
2161018
1941407
2729680
2073393
1663518
1401498
1556588
1384286
1857440
1302754
2155467
1406518
2215930
1403662
1366723
1469225
1821764
1999836
1423539
1298235
2486505
3187565
1229718
1482911
1489903
1219117
1749288
1562710
1563942
2257176
1332880
1346886
1907483
1748837
1495905
1364649
1968438
1789002
1151461
1215680
1647508
1499983
1174324
2504198
2263249
1774034
2230837
2989264
1715996
2704883
1692742
1995048
2025264
2294767
1934094
1505964
1603636
1721827
1529086
1657837
2053846
1792809
1641376
1649582
1779554
1810422
1720875
1761481
1688334
2045081
1717749
1360272
1560736
1591504
1833456
1945445
1404253
1800904
2457532
1971593
2008482
1881074
2296350
1925076
1799421
1885603
1693775
1902775
1508668
2116104
2371330
1738047
1674678
1603255
2491886
1448687
1659521
1661314
2517884
2410833
2118086
2647546
1857791
1997782
2504759
1847281
2154665
2333920
2392549
3654027
1947378
1941978
2002881
1769816
1765969
2419390
3063263
1899579
1845467
1456831
1645505
1547502
1406859
1495674
2013502
1675580
3494790
1830610
1797839
1401618
1585823
1658077
1512134
1464255
1495023
1414072
1369468
1209169
2166457
1537783
1906462
1762633
1425814
969451
2208526
1783191
1411628
1354731
1330054
946899
1623674
1219178
1172401
1498109
1203288
1003905
909098
976595
1042789
1534527
1020466
1177480
886807
1278118
980251
962838
1009186
1024063
1313734
1106487
1014556
2176146
1131714
1400557
1376782
1354491
1403232
1595451
1404043
1298706
1906271
2027888
1668437
1851038
1908275
2496073
1876717
1604056
1728609
1534988
1564653
1869012
1947067
2246497
1642699
2206502
1672845
1962035
1549846
2021716
1896933
3193165
1962496
2247379
2949080
2065629
1640405
1577427
1582867
2492878
2055700
2275451
3071689
1945495
2987242
2103330
2014934
1406187
1499581
1643100
1688575
1567369
1484934
1892586
1753716
1120363
1051485
1246349
1602183
1325747
1348920
1414914
1807376
1717268
1642258
1741824
1259332
1871857
10615943
8675899
1509801
1450180
1026228
1602043
1321448
1352888
1651305
1516854
1693183
1241750
1390959
1652397
1596934
1271946
1516583
1411186
1379437
1696720
1236751
1531191
1684727
2145277
1505743
2087820
2107647
1867318
2553691
1506966
1766220
2432645
1403572
1496436
1724672
1950223
1383805
1363607
1377022
1511043
1379547
1316209
1334012
1264162
1338631
1213517
1511113
1512757
1440942
1552140
1522384
1815232
1665832
1566637
1786979
2050842
2287213
1756863
1620277
1532814
1493280
1404925
1601061
1479524
1609567
1265955
1304236
1306651
1298575
1716086
2340372
1439399
1377924
1732186
2289918
1113280
1235288
1306310
1359630
1763304
1483230
1229296
1398322
1570584
1860656
1137105
1242683
1377082
1255445
3134485
1148605
1366383
1838705
1141473
1096449
1399144
2027858
1174124
1240428
1289048
1092861
1462262
1689707
1170177
1381902
1279430
1311320
1214259
1404584
1429941
1468202
2085075
2731964
1215420
1166499
1222204
1130371
1219899
1298686
1326858
1187037
1096579
1158014
1489543
1454999
1159416
1263630
1289760
1128257
1365962
1985630
1603987
1816443
1584040
1502407
1276154
1572227
1934324
1849585
1351495
2083742
1376151
1537904
1402360
2174212
1308164
1492047
1217996
1369289
1392772
1161210
1377453
1258972
1334232
1504842
1467171
1012482
1198991
1143065
1423780
955965
921983
887458
1197969
1003114
958461
1354270
2195722
1463825
1314456
1323833
1243062
1202266
1186085
1213888
1487419
1583899
1207146
1319566
1311560
1290311
1389276
1205592
1029333
1218196
1029263
1095807
1227603
1065351
1448166
1371813
1262930
1887566
1137976
1276204
1175335
1214148
1264663
1227433
1582076
1250797
963991
1002172
1039331
1606031
1085608
1249854
1050994
1124321
1370811
1242311
1237412
1407590
1743797
1349571
2085626
2660210
3429457
1491005
1102440
1563330
1777530
1239956
1120163
2143665
2875342
2322258
2105514
1123068
1533795
1700347
2221431
1938080
1424090
1208748
2144947
1336346
1728289
1267428
1255385
1322050
2192196
2262267
1904478
1223255
1317321
1644682
2053226
1445200
1509500
1518807
2070639
1535829
1305889
2113508
2404412
1329514
2107858
1351926
2589487
1851679
1555747
1480385
1301091
1597805
2069456
1839075
1803089
1797148
1566998
1586875
2016548
1465968
1266806
2158303
1704133
1859575
1555777
1356775
1716517
1434059
1699785
1380319
1643200
1169685
1325106
1575564
1323523
1326769
1828216
1074608
1121636
1254434
1160648
1390698
1265104
1282185
1069207
965324
1079407
1258441
943973
1536510
1927831
1396329
2258279
2251516
1957878
2237721
1775517
1545307
1550878
1437606
1626358
1968889
1984418
1720154
1473904
1603326
1646215
1475777
1465608
1917312
1837312
1449768
1120223
1055001
1666353
2222262
1099855
1858742
1681241
1756722
1468484
1219990
2225758
2815140
1418480
1150019
1547180
1378736
2061352
1343800
1838405
1174474
1813789
1834317
1150530
2367392
1467782
1367244
1520872
1811103
2289357
1080128
1127286
1084536
1175646
1911792
2514237
1324554
1249453
1004026
1185394
1441694
2036504
1506565
1371111
1135742
1009206
1167832
945226
1030635
1174123
1187459
1451642
1073736
1086439
1785917
2334822
1065771
1264872
1130753
1159998
1097840
2076720
1339773
1323934
1738989
1279771
1069067
1456331
2192016
1209229
1275182
1170376
2102599
2126843
1316640
1291192
1948720
1232452
1999305
1446242
1235598
1252991
1079517
1156711
1672344
996642
1276284
1024083
1704806
1158865
1011430
1058227
936409
1905039
1581424
1966283
1723079
1370871
1689045
1238102
1500523
1540919
1081370
1086520
1508869
927102
1362245
1735212
2476457
1991781
1957948
1839807
2424299
1738297
1662166
1614766
1596583
1667405
2092379
1501095
1187429
1815882
1631618
1447515
1424210
1501135
2071991
1366483
1381431
1268038
2128326
1219959
1337960
1871295
2009675
1553493
2174402
1899819
2333660
1373907
1943641
1400335
1377193
1394055
2283146
2922770
1516543
1612121
1620818
1662466
1277035
2094373
2807164
2188738
1431133
1284580
1808058
1219348
2030464
2775936
1485746
2867157
1424231
1833085
1883499
2374957
1703813
1917883
1458034
2160927
1674649
1497709
1194642
1164325
1519509
1461380
1144248
1155309
1780276
1480316
1203419
1117207
1262519
1614436
1177981
1261366
1272938
1087341
1198449
1111457
1043890
1098843
1734400
1167020
1486446
1213728
1165978
1271867
1282867
985251
1079798
2116604
1300390
1779354
1508588
1834027
1224167
977066
1376812
1284270
1255856
2321758
2105163
2025885
1827204
1919786
1657176
2015615
1911561
1226040
1464666
1528566
1442114
1463595
1897264
1543725
1444349
1335124
1120994
1526292
1010718
1337299
977677
981794
1222043
1094545
1013514
1088743
1035244
1854184
1741874
1390558
1430162
1267408
1986180
1409574
1462202
1370951
1592526
1468683
1406858
1596372
1394255
1550948
1013443
1104323
1152864
1304237
1217494
1186296
2024563
1261777
1178472
1113350
1616912
1353408
1295941
1146251
1303345
1152533
1032089
1216743
940989
969973
1244365
1074588
1172230
1114653
915200
1242842
1083083
926330
904319
1107840
1529077
1724301
1375700
1453635
1455179
1388965
1436634
1138297
1405546
1528365
1532764
1500252
1515200
1315938
1177119
1186166
1254613
1785045
1182870
1229056
1189021
1175276
1984177
1557069
1225029
1190935
1149678
1609587
1218376
1151501
1086850
1037929
1007402
1421535
1295521
1401559
1180435
1366543
1137806
1114602
1173964
4782024
1682354
1447955
1166359
1462032
2652375
1678526
1317501
1201244
1479834
1334984
1230319
1302573
1386661
1796065
1388123
1154546
1101007
1208869
1160969
1167381
1023031
1118349
1001401
2130921
1401408
982576
1192668
997333
1205242
1225409
1021499
969792
1098332
1000549
1193620
1013984
1162251
1446893
985180
1164476
1076901
1189322
1207014
2036384
1227633
1134951
994127
1499622
1067114
1007051
1112519
1067375
1059690
1062294
970383
973219
1018763
1112097
1094384
1037338
1241480
1150519
1105836
1067053
1122878
1147855
1422147
1451922
2638910
4132560
1076571
1124711
1697050
2269169
1919596
1691009
1052737
1120534
1217815
1477610
1989717
1478944
1042147
1147143
1050482
1402049
1411907
1320367
1321109
1381541
1370010
1522073
1282315
1312372
1385718
1035013
1168463
1249705
1030806
1008725
1136072
1886604
2372492
1362165
1334303
1073196
1059218
1202527
1203449
1097430
1352577
1133518
1842682
1260525
2521561
1520080
1612162
1439379
1344823
1306099
2103680
1412398
1264383
1302594
1810061
1206994
1185074
1104624
1321789
1228836
1256518
1118189
1225499
1320586
1338251
1198999
1251437
1065120
1201835
1245697
999928
1236790
1253422
1670711
1177029
1134058
1193130
1123198
1151081
1123689
1166970
1208037
1135882
1344632
940117
1128999
1166480
1248783
1238724
1168493
1119812
1345975
997203
916442
1589229
1608915
1415224
958360
1134761
1466660
1503719
1193850
1563732
1784594
1524237
1670772
1358298
1474354
1771209
1308855
1365401
1413521
1616200
1383495
1732326
1448647
1562029
1558511
1282416
1401288
1527253
1294689
1423128
1245967
1571997
1236339
1381912
1232011
1288277
1093573
1300209
1551549
1107770
1320968
1385699
1451461
1413181
1414824
1447876
1464066
1406978
1510883
1223205
1357987
1290290
1299988
1375850
986162
1244455
1142865
1123709
1584961
1277567
1304868
1294939
1492779
1470548
1256418
1187819
1275322
1217705
1056224
1578379
2087560
1892135
1297334
1280592
1203488
1910228
1351526
1565525
1742165
2436592
1698934
1103481
1297344
1604377
1987032
2553491
1864693
1964610
1574572
1445661
1512476
1470868
1594309
1381170
1524288
1301542
1613063
1427517
2157019
1473383
1744509
1660161
1355081
1459607
1415264
1358959
1177359
1629965
2194721
1342508
1261016
2121333
1286634
1966443
1391610
1282356
1618743
1270895
1382141
1326798
1666684
1524197
1279691
2013822
1365662
1192798
1211944
1844025
1878539
1485646
1477109
1469004
1221532
1547411
1610598
1342538
1217825
1136363
1094215
1467441
1498780
856681
1109082
1140380
1209249
1224737
1135402
1205091
1239686
1051274
1101137
1997532
1474585
2042505
1220891
1290501
1283228
1544124
1133678
1181899
1609968
1423319
1530489
1508237
1621279
1343199
1257249
1237823
1214710
1279200
1267628
1227874
1053167
1490515
1205272
1243894
1074998
1083654
1392622
1032359
929988
1179934
997945
970453
1309286
1431905
1081802
1131735
1236410
1234487
1589910
1291342
1343871
1418320
1708612
1386140
1478312
1200112
1417769
1173352
1111637
1325507
1408011
1327329
1122427
1918565
1067794
1411567
1612353
1662626
1472932
1500323
1311620
1731455
1747766
1567739
1616750
1641467
1222815
1382412
1415665
1211774
1227965
1190794
1522975
1180134
1944533
1301983
1269301
1266646
1351124
1260344
1905971
1289890
1448365
1400847
1478723
1140200
1163925
1110535
1314586
1519259
1720464
1399965
1456972
1337268
1292074
1128107
1093333
1586504
1095857
1533285
1184603
1052225
1046054
1262248
1026868
1124281
1194231
1073034
964953
1046094
1544456
1291092
1094324
1071723
1014816
1066903
1030585
1125613
1478893
1043850
1193080
1066011
1096118
906543
972516
1311601
1168293
1103852
964351
1045033
977577
916152
973349
995209
1056825
1158124
1054841
1037157
1265174
962849
1039051
1171068
1067043
1437315
1131634
986483
1104443
960856
889812
1037148
997894
1256537
1548753
1316178
2054238
1283488
2004074
1843163
1267127
2714651
1465088
1548012
1433879
1132526
1467041
1869302
1408962
1095657
1731184
1221051
1755770
1074006
1479835
1359039
1330486
1213106
1598796
1380168
1293957
1651916
1088804
1229667
1339733
1616591
1202647
1361985
1146001
969711
1014406
1832765
1307262
1999325
1027931
1106297
1883549
1106397
1203378
1166269
1094074
8652995
8734979
947701
1324094
1643180
1160989
1288778
1003444
1251939
999917
1165688
1208148
1083104
1087913
1075199
1003755
1024143
979290
1494142
1213567
1101558
1107358
1026016
985160
1424672
953241
979790
1377323
1107729
947621
1140591
1024935
1051424
1105946
1665772
1239656
1529938
2021066
1033511
1154987
1908315
1164035
2453584
3011316
1207095
2117245
2777028
1390288
1882527
1237492
1451652
1258681
1553312
1184392
2082871
1271716
1171870
1148165
1337799
1385419
1220189
1681070
1064880
1031277
1053158
1571316
1179363
1062906
1110955
1000329
971134
1694556
1080599
1166830
2063656
1522975
1503077
1467101
1903826
1215081
1817907
1309387
1886464
1562138
976435
1905089
1114422
1183390
2092920
1281996
1669729
1267278
1323392
1301672
1344602
1037779
1289499
1114702
1365531
1131003
1178272
1144489
1340605
1394114
1266746
1116966
2129669
1560044
1667716
1800664
2288425
1094495
1789793
1064899
1121305
1279000
1268490
1450360
2440389
1839697
1629765
1935876
1572698
1246188
1341607
1678475
1607103
2614204
1878158
1262879
1166740
1229958
1828937
1573660
1563161
1607563
1032028
1161230
1019174
1054009
1251638
1536601
1234005
1259804
1255395
1383555
1147894
1047737
945175
1489964
1290782
1559243
1377123
1483592
1243593
2241527
1150029
1222464
2028871
1181417
1748065
1362064
1385959
1246328
1047587
1115063
1603937
1771089
1106968
1293557
1354601
1152573
1656986
1968828
1629314
1418841
1207747
1392833
1729752
1351695
1341175
4243388
1221503
1231230
1201495
1089806
1260515
1802558
1953129
1950635
1447004
1269171
1774325
1517585
1360001
1112618
1858191
1139028
1221913
1181908
1058567
1591443
1143687
1027199
1245177
1204971
1300229
1553893
1067374
1112809
1658138
1043670
1152193
915400
1055622
1923093
2481737
1525960
1275333
2218475
2750939
1248342
1128699
1181918
1363458
1602374
1090097
1452364
1774916
1241680
1623152
1644753
1677033
2394593
1236210
1392852
1645664
1101278
1119351
1580423
1343860
1404144
1068487
1282236
1575754
1254253
1207285
1477851
1481718
1739239
1371743
1220780
1418100
1614486
1374798
1460809
1410996
1603285
2238713
1454938
2740570
1456341
1278979
1278389
1182750
1251839
1385018
1142194
1664149
1137906
1528816
1331347
1215521
1400837
1176348
1520150
1266376
1077864
1733749
1373125
1383624
1378897
1226652
1500634
2091758
2062353
1670681
1336808
1353739
1453395
1482209
1681251
2039340
1612232
1818577
1542933
1442265
1435602
1335025
1244235
1588838
1639824
1432978
2317850
1696660
1167321
1260013
1042348
1434921
1276855
1414824
1161310
1171539
1027238
1655151
1116506
1214950
1047537
1187028
1588457
1664049
1249244
1457213
2167740
1479364
1310900
1119822
1611211
1262018
1233234
1332700
1055292
1681803
1164996
1482300
1255225
1683114
1110204
1055963
1095496
1112489
1089195
1774225
1687061
2214146
1314346
2038759
1431595
1193229
1675571
1196826
1508719
1922942
1327160
1581174
1785706
1212445
1137896
2097409
1197377
1334433
1362535
1925146
1057446
1269672
1181137
1208347
1445170
1251188
1675721
1457222
1260645
1444339
1090527
1305378
1611490
2639561
2261986
1984537
1837744
2050501
2183209
2553361
1795234
2259491
2061823
2078063
2019964
1990528
2516872
1746734
1605119
1903988
1462973
1276885
1511183
1480686
1417478
1574140
1204390
1477070
1376823
1201485
1369679
2045601
1816463
1735291
1300218
1379697
1194512
1926118
1566787
1079427
1061423
1753546
1339232
1113881
1305780
1474805
1371603
1430002
1769626
1458434
1591373
1466169
1585803
1392552
2328710
1611190
1488040
2520689
1827384
2231990
1907112
2790704
2266124
1522795
1716326
1715224
1668878
1537723
1785766
2422165
1339913
2219497
1274000
1310238
1410395
1660522
1338461
1331537
1437446
1295219
1481678
1416838
2058526
2676561
1484202
1478542
1124912
1595671
925309
1110344
891876
1068025
1106638
1262158
1293125
1000710
988386
1093553
1023492
1705265
979009
1565494
1368246
1254263
1546529
1901983
1221101
1543023
2150077
2037807
2192686
1090197
1261697
1359800
1096739
1528065
1486227
1148114
1112659
2093601
2674637
1717759
1471629
1219909
1165628
1761772
988968
1115684
1305970
1817334
1486587
2104071
1441393
1622341
1417899
2100504
1815322
1628131
2089494
2880191
2068985
2086809
1993895
1994836
2224376
1989206
2117185
1631628
2198948
1985459
1619005
2241667
1903707
1735061
1672886
1772521
2858030
2044419
2844694
2123717
1609557
1979579
1707380
2330343
1893978
1942058
1733299
2739858
3565560
1256938
1470117
1689316
1481999
1382152
1114572
1603706
1207305
1448896
1699295
2486756
1223214
1260254
1376331
1438157
1304066
1251408
1368648
1549755
1848644
1531231
1552250
1708542
1506324
1523617
2125030
1582486
1856698
1418409
1469676
2536849
1379287
1404724
1863962
3616857
1994407
3458851
1970241
2879680
1906772
1501094
1360121
1140391
1774295
1030835
1155659
1361113
914789
980923
1053258
1323473
936460
998605
1894299
1543974
1372053
1501225
1166579
1253512
1204661
1230308
1149598
1130231
1105104
1178001
1619666
1142123
1095878
1691249
961757
1079256
1114192
1235638
1198519
1466460
1186397
1262740
1351404
1173301
1973057
1198188
2213816
1699736
1126746
1891935
2426443
1075048
1265815
2744388
1773483
1582106
1628923
1582746
2320585
2288466
1514349
1900110
1758134
1689226
1330266
1341586
1198560
1240227
1129941
1537402
1359049
1276114
1705957
1373857
1207906
1808168
1274260
2118047
1778903
1632289
1159707
1309225
1396770
1433418
1346926
2361051
1315597
1340184
1889550
2376630
1330977
1575333
1379968
1972105
1278549
1308284
1206114
1495655
1380048
1246839
1386911
1095967
2548571
2217443
1829208
1815502
1610178
1703803
1593848
2242079
1754608
2462931
2030423
2649129
1806315
1696350
1846510
1810312
1574001
1619356
1414753
1496676
1362446
2228383
1442866
1356124
1669218
1535028
1501766
1426244
1723570
1855386
2523906
1877488
2176025
2955622
1425493
1904387
1366683
1467571
1501445
1504150
1250757
1717669
1285953
1412539
1148365
1479223
1204961
2175845
1905690
1602564
1805032
1354420
1717178
2150708
1435853
1392591
1695337
1371212
1475667
1437125
1731084
1291293
1243684
1091098
1542652
1376191
1109633
1058557
1048610
1703603
1189643
1373156
1322020
1487389
1237351
908418
1230168
1668237
1296583
1195113
1039461
1079727
1014826
1473844
1037709
1297403
1113360
1177650
1051114
1401037
1103191
1033641
1043159
1239977
1031957
918786
1578730
1787920
1447565
1634584
1518247
1634824
1626038
1514460
1400506
1513237
1419352
1479574
1121675
1043109
1155850
1224608
1275944
1243864
1188501
1840058
1115634
1239446
1188971
1231481
1657306
1182289
1070580
1119201
1141703
1036877
1137414
1124090
1192307
1395947
1150620
1371453
1387983
1059159
1251378
1376211
2067562
1589900
1232723
1802257
1413081
2137534
1540538
1330045
1933351
1439109
1684828
1311550
1773994
1648669
1246299
2125009
2127044
1640244
2643378
2411866
3241786
2240435
1880283
1468223
1598386
2306049
1503188
1693684
2049308
1777170
1894129
1943811
1963689
1721357
1412840
1381671
1492758
2214968
1575303
1662737
1920448
2338910
1462823
5767795
2316088
1411097
2224606
2603845
1813568
1346685
2060991
1553082
2091838
1339122
1445791
1050272
1035213
1166409
1793240
1027940
1379687
2265091
1715134
1558833
1693283
1254454
1345524
2328210
1377323
1312372
1849165
1305358
1209319
1196565
1392031
1392853
1279550
1258662
1502086
1279650
2407247
1550437
1568780
2174593
1477701
1677454
1653328
2269881
2378834
1918374
2167329
2278888
1770448
2034621
1551529
1856679
1554364
1727578
1448165
2644039
2141331
2700164
2449857
1461120
1373316
1509741
1378475
2502596
2231930
1529378
2197866
2989335
2347886
1672865
1955433
1954361
1861408
1865035
1478683
1598005
2321327
2048808
1801445
1844276
1508037
1576625
1827615
1711808
1861577
2557789
1603365
1803670
2380858
1624014
1666744
1760639
1681001
1572889
1506144
1469836
1693234
1605700
1621078
1847462
1850899
1603185
1451852
1832975
1821724
1661814
1979438
2142893
2030644
1795154
1304227
1867909
1595430
1631919
2370068
2164294
1685830
1363357
1664920
1482169
1715194
1618804
1309696
1607293
1245988
1097219
1282696
1321800
1512967
1604026
2302451
1397882
1810953
1293126
1896794
1156600
1132555
997974
1303896
1069317
1283398
1412509
1225700
1223455
1386970
1060872
1302202
1793090
1369349
1154477
1548032
1121686
1130021
1422377
2006138
1550857
1703733
1499060
1718060
2339601
1578689
1845106
1711036
1756942
1358668
1575483
2420802
1350172
1515070
1494672
1746512
1229197
1359290
1334143
1405586
1873520
1408381
1823867
1263590
1283909
1631779
2196694
2860163
2281823
1800474
1554584
2068324
1652286
1499340
1376061
2095926
1666884
1560846
1720725
1715495
1408902
1595431
1474865
1736905
1696179
2963326
1983896
2093040
1472851
1717549
1673597
1394064
2150708
1547161
2520939
1838886
1829948
1482690
1632099
1340855
1530790
1592244
1435793
1714473
1639784
1554754
1430542
1473222
1389045
1588217
1678506
1573740
1469686
2009755
1475226
1256087
1266847
1737306
1486136
1502838
1663057
2783640
3492435
1322921
1571305
1629193
1460779
1368647
1437064
1278599
1243893
1923764
1938131
1511033
1544346
1439179
1512075
1770597
1526351
1390307
1465278
1422477
1546459
1430683
2003002
2419771
1578890
1316830
2152070
1306130
1277146
1875504
1278729
1360051
2464344
1831452
1944793
1678265
1237391
1805182
1563171
1978426
1319085
1292305
1850176
1525029
1253963
1644903
1243914
1583258
1740561
1613013
1323722
1193800
1550527
1566046
1500033
1941937
1757444
1501034
1708031
1861157
1569863
2628962
3375877
2212814
3160965
1647809
1572488
1762052
2378133
1970592
1851850
1815662
2045101
1790605
2254372
1693083
1733338
1887496
1676873
2078242
1774786
1884591
2039871
1878299
1583729
1818608
1968597
1714644
1644121
1799703
1663678
2037316
1652066
1807748
2039250
1874432
1945064
1758195
1830650
1971904
1448126
1306040
1864974
1314555
1394475
1671663
1428098
1478513
2111194
1546689
1236901
2254602
1449939
1497117
2797987
3715681
2196614
1681771
2499399
1406377
1512916
2439628
1621308
2251426
2818586
1649421
1354471
1549194
2124729
1716817
1639492
2193418
1604167
1849806
2179051
1313493
2042496
1162572
1240698
1431164
1787740
1752514
1515221
1492147
2014965
1694256
2253600
1407739
2163582
1317040
1425753
1583649
1599007
1093392
1168282
1418911
1309386
1797077
1425232
1765909
1429230
1380158
1341756
1470217
1555266
2125832
1986992
1115383
1128458
1257089
1747985
1599368
1309156
1286454
1278398
981715
1025947
1093002
1056825
2452422
1381040
1284470
1224949
1378916
1251388
1984317
1104574
1280402
1150880
1246308
1634243
1296252
1658278
1822094
1756372
2133867
1876576
1844947
1655873
1646987
1706759
2011478
1718801
1744289
1801526
2182317
1606462
2301179
1710956
1834818
2138445
1835178
1937860
1677264
1810172
2143855
1950694
1548152
1771279
1974068
1976853
1646066
1735342
1431084
1666514
1465237
1594479
1721846
1789534
1710445
1608234
1751833
1550185
1915488
1574542
1706879
1694776
1478943
1811455
1381480
1555376
1260555
1263580
1479113
1465528
1474945
1200293
1303506
2581833
1591253
1740652
2326907
2110984
1688755
1708943
2272235
1646496
1644893
1707059
1770738
1733048
1541300
1904468
1554815
1312482
1908936
1298486
1422077
1733058
1257629
1106157
2185442
1609336
1258231
1487589
1339252
1443226
2129338
1430413
1381872
1631057
1502036
1297564
1324375
1724652
1449257
1170096
1494853
2102467
1176468
1209269
1563251
1496386
1322241
1338741
1229456
1459687
1229807
1892826
2297232
1545017
1396089
1438377
1659871
1751032
1449298
1670851
1264091
1297755
1282657
1107680
1334132
2294607
1584700
1213908
1543935
2566605
1778573
2210639
1245066
2136011
1447344
2681009
1790445
1497006
2106566
1674208
1356735
1914577
2000658
2315887
1319886
1259263
2046313
1328181
1591995
1749549
2070087
1706017
1532233
1925266
1903346
1864984
1820090
2150217
1982284
1402910
2074485
1385298
1871987
1303164
2090686
1496356
1834918
1437746
2410533
1681171
1979088
1702711
1663788
1894158
1614326
1327580
1485506
1422027
1838975
1683876
1766710
1761582
1380839
1462473
1501155
1380248
1361213
1247451
1356404
1200934
1775708
1385508
1379357
1552130
1219088
1411046
1284780
1265845
1445962
2366942
1309105
1336166
1219769
1162822
1146541
1351906
1223265
1262068
1491256
1403893
1699405
1497077
2346403
1284780
1878800
1609126
1410646
1921800
1576896
1800434
2521070
1443056
1136593
1438257
1214699
1872207
1273739
1170516
1439199
1477811
1128218
1120934
1489583
979550
1271195
1116707
1654050
1413932
1333291
1161329
973930
1291783
1199722
1064007
969491
2711796
1174384
1534547
1612211
1685789
1261948
1071081
1229457
1190745
2770716
1731375
1746122
2658838
1672525
1805733
1756862
1645454
2544484
1998273
2182928
1894218
1784884
1678045
1882987
1332820
1349912
1293636
1629765
1707439
2049199
1523116
1727307
1440892
2161569
1687132
1830800
2042637
1532773
1555316
1700888
2293144
1561957
1344842
1980449
1834507
1786087
1467412
2952776
1974930
2046343
2363636
2024222
2183810
1696359
1825881
2192025
1823076
2450207
2091828
3504547
2254652
2753945
2266714
2139657
1983154
2386568
1915528
1599408
1540327
1400677
1948621
1301140
2364798
1745030
1635716
1389256
1730873
2037857
2224786
2252418
1711888
1585693
1231250
1405796
1791828
2455007
1825129
1850367
1256698
1725203
1381141
1391730
1631789
1160698
1957648
2304475
2033720
1393714
1719612
1247671
1519058
1830189
2011287
2075709
2058485
2152601
2069616
1733508
1765408
1959099
1819709
2158202
1653078
1595200
1728620
1777011
1647758
1757093
2071881
1698664
1576635
1583569
2055190
2059337
1591063
1844336
1531551
1442945
1399114
1527203
1787660
1629053
1631968
1614767
1880402
1695909
1422247
1672355
1979157
1976453
2012139
1921419
1363638
1342958
1284591
1310007
1182800
1341797
1112197
1208677
1454176
1705607
1365821
1726074
1728148
1778733
1861809
1540507
1646436
1796606
1703132
1906001
2007781
1947949
1675580
2446531
1978677
1968888
2009234
1917272
1634734
2026956
1747565
1860245
2322258
2076419
2060410
2302762
1832573
2078793
2900299
1424752
1813708
2022037
1769606
1582838
1526932
1403342
1580232
1498069
1721847
1434199
1563099
1511103
1884170
1311320
1463033
1498009
1245307
1208688
1046355
1202636
1372734
1269222
1130873
1199010
1053688
1146261
1700577
1178813
1055952
1391801
1070129
998476
933924
1652628
1155458
1256167
1816794
1284871
1046945
1202305
1148085
1109703
1642298
1024454
1092541
1064719
1050964
975442
901083
1188621
1761741
1022340
981764
1115103
955545
1120573
982085
1308655
1155589
1100395
1062995
1023573
957899
1065821
1025165
1043099
1065721
991282
1006740
1111166
1577718
1363317
1110004
947660
935258
2109541
1387603
1061283
1544666
1041566
1008574
1045644
1182629
983167
1009776
1498860
849787
1269912
1196615
1325527
1176357
1080609
997474
1007282
897737
924487
1037628
1395507
983908
990271
970333
984620
983839
943062
925459
967798
997343
1078174
1589089
1216523
1131102
1100877
982595
1026798
901073
989790
2023641
1490665
1694576
1925156
1732085
1667235
2140268
3106273
2009244
1659149
2149655
2877576
1251257
1189913
1627030
1609626
1618654
1396318
1388785
1664049
1381862
2124619
1796517
2827754
1726956
1698173
1794733
1730012
1647218
1897916
1968387
1874442
1494202
1212947
1416355
1425323
1171208
1353879
1029924
1787169
1973186
1382282
1345284
1262248
1129700
1505553
1019164
1291082
1528075
1168262
1389947
1786378
977105
1181827
985992
1229747
1185354
1034392
1083825
1300199
1090588
1338031
1074317
1258121
1711758
1111917
1442605
1364128
1080769
1268120
1024204
1086610
3096325
1431564
1509379
1106978
1190354
1020947
1635465
1318092
1246008
1260304
1559974
958200
1130723
1322140
1335285
1179743
1517565
1201234
1197487
1338370
1026237
1989817
1380489
1395758
1107520
1360812
1503158
1187950
1073435
954724
1141121
1577096
965614
931651
1468744
1088714
2256114
1289739
1460850
1918244
1397240
1268270
1124511
1590782
2018821
1508248
2039510
2043237
1863522
1320867
1176328
1740040
1596663
2227912
1352647
1207276
1452764
1724972
1308054
1111327
1341767
1986011
1586053
1157784
1125303
1126245
1378666
1160839
1638762
1412048
1334984
2299045
1746993
1514881
2183409
1526412
2091597
1322391
1749879
1472882
1227082
1507446
1626799
1715435
1360412
1697231
1178452
1454307
1217605
1207075
1388955
1100015
1508829
1457733
1369989
1462272
2397789
1350443
1569954
1467833
2135810
1808569
1500444
1696900
1988626
1669569
1609126
2344991
2085346
1996510
1765197
2194030
2540797
1815722
1697822
2003072
2054328
2325013
1693835
2030113
2010796
1490896
1841260
2835006
1680689
2015706
2233142
1807056
1746503
2032377
2236478
1771920
1940134
1457463
1127987
1543764
1971162
1735212
2405133
1498860
1551638
1553222
1768384
1550868
1487520
1213788
1706598
1405315
1281664
2084455
1124320
1884911
1632620
1528305
2150017
1594539
1807387
2238051
1607994
1572157
1837483
1779986
1071031
1358799
1824929
1870034
1713622
1713912
1431184
1272959
1698193
1419872
1783623
1537672
1626088
1126796
1035154
1822455
1871476
1970321
1692202
1652347
1883569
2586271
1693584
1529368
1923965
2324263
2364708
1280872
2168791
2026246
1670421
1845538
2302131
2377292
2230778
1342307
2083262
2065739
2362584
2328170
1636847
1567358
1603165
1574572
12558361
5059652
1798620
1909127
2044039
1639553
1803159
2264641
1655653
2345522
3246886
2253009
1690178
1660101
1478603
1628603
1561888
1177089
1398072
1144939
2872477
2190372
2073694
2833384
1224838
1434139
1520340
1542702
2193378
1959811
2402759
1178201
1172801
1527343
1681462
1729121
1465148
2051713
1664379
2025725
2743706
1292004
1387653
1021248
1272316
1184053
1285101
1114422
1454969
1542071
1674087
1326970
1314035
1607563
1699024
938684
1060621
952720
2228383
1756742
1556238
1412309
2184370
2714892
1889280
1382232
1604207
1381911
2087890
1040023
1451081
1821824
1168803
1035585
2138255
1374778
2071830
1634243
2043538
2118557
1682794
1099194
1039912
1195664
1483322
2007911
1890802
2136191
1575443
1299949
1671613
2075227
1644753
1492417
1942228
2287633
1721326
1876326
1825230
4163228
1961965
1601683
1419592
1952197
5065413
1617652
1189132
2196805
1879892
2091777
2032577
2234265
1838104
1443817
1401549
1524498
1854274
2215660
1276275
1739720
1617843
1554163
2293826
1571867
2388462
2383964
1680530
1991030
2508306
2016938
1770247
1653599
1936338
2628170
3688381
1863222
1429861
1792539
1757784
1571736
1384216
2097418
2875983
1277747
1282415
1595120
2576133
2164033
2096426
2710173
3471585
1824128
1932290
2521712
2390616
3202763
1883128
2018491
2637136
2384725
2424540
2238121
1592756
1777551
1951185
2358838
2323832
2613062
2294597
2571645
1320427
1353608
2400505
1365722
1915629
1585763
1746163
1400546
1342969
1689846
2018100
1531872
1311410
1142535
1314296
1219138
2288095
2912301
1848132
1538635
1461480
1804921
1510582
1379487
1821834
1831512
1575784
1003866
1983225
2389494
1394165
1488681
1101990
977457
1014706
1158945
2143885
1124702
2585480
2173411
1881595
2266414
2026216
1632540
4397796
2452402
2750479
4818442
5708775
2463102
1533705
2053296
1336056
1787620
1484543
1316179
2201483
1709444
2773081
1644924
2938770
2612360
1937110
2477929
1522585
1170638
1591633
2034481
1475957
1498169
1187268
1391530
1302633
1325366
1990849
1113420
1140391
1298907
1582517
1741213
1806054
1189112
2049800
1186346
1397090
1241269
1005679
1548213
1114071
1574201
1710876
1040514
1951697
1800374
1528786
2283516
2692601
2129308
3069785
1465989
3041322
2528043
1888668
2047024
3349478
4396784
2283706
2956854
3325663
1674308
2066380
1259183
1995979
1897034
1633241
1376602
1916660
1635045
2558760
3362121
1784854
1619125
1707260
1366353
2024242
5419485
2904697
3086997
2718799
1668637
1473984
2077992
2538092
2184210
2824427
2644340
1981161
1833917
3018949
2037196
2343077
2035763
2251246
1632240
2083582
1911482
1499191
2145458
1198960
2323210
1698533
1212135
1279841
2024102
1892585
2175945
1799722
1956796
1981311
1351044
1849175
1719261
1808879
2122855
1666573
1695437
2332207
1956956
2273167
1515843
1959852
1840098
1659501
2198898
1847361
1921269
2707678
1488961
1557930
1893347
2093792
2007791
1817847
2379465
1617111
1863632
1882096
1767352
1710725
1755660
1583860
1392802
1524578
2002782
1255566
1289529
1479463
1702530
1542772
1880854
1928403
1763685
1910509
2451189
1466400
1587676
1775738
1970823
1378105
1845749
2009494
1496485
1991531
1828015
1738508
2149906
1276505
1645143
2163051
1376883
2368666
3098399
1895761
2485824
3148593
1595391
1369128
1995078
1679919
1457914
1649602
2136240
2369406
2325103
1392962
1601091
1422427
1344862
1942699
1261978
1687913
1853272
2265212
1633512
1512025
1361313
2104311
1962977
1874321
1850537
3028178
3934881
2067683
1790094
2257147
2267978
2002721
2005547
2012129
2755357
2241167
2426704
2774283
2025705
1936308
1833916
2311398
3017357
2364978
1587275
1681782
1569102
2176987
1674438
1805012
1908195
2074175
2834916
1375970
1428849
1867419
1746933
2100835
2906370
2047405
1247861
1757654
1949642
1527443
2311769
1966484
2194099
1515992
2280070
1730362
2488850
3153592
1638922
2021197
1679698
1214238
2009564
